Bag #,Level,N,E,Z,EDM,Date,Item,Other
L16-14-1,97,1007,998,N/A,N/A,6/3/2015,Bone/Shell,
L16-14-10,98,1007,998,N/A,N/A,6/3/2015,Bone/Shell,
L16-14-12,99,1007,998,N/A,N/A,6/4/2015,Bone/Shell,
L16-14-13,99,1007,998,N/A,N/A,6/4/2015,Bone/Teeth/Shell,
L16-14-15,99,1007,998,N/A,N/A,N/A,Bone ,
L16-14-16,100,1007,998,N/A,N/A,6/4/2015,Bone ,
L16-14-17,100,1007,998,N/A,N/A,6/4/2015,Bone ,
L16-14-19,N/A,1007,998,N/A,N/A,N/A,Bone ,
L16-14-2,96-97,1007,998,N/A,N/A,6/3/2015,Bone/Shell,
L16-14-21,101,1007,998,N/A,N/A,6/4/2015,Bone ,
L16-14-23,101,1007,998,N/A,N/A,6/4/2015,Bone ,
L16-14-24,101,1007,998,N/A,N/A,6/5/2015,Bone ,
L16-14-25,101,1007,998,N/A,N/A,6/5/2015,Bone ,
L16-14-27,102,1007,998,N/A,N/A,6/5/2015,Bone/Shell,
L16-14-29,102,1007,998,N/A,N/A,6/5/2015,Bone ,
L16-14-30,102,1007,998,N/A,N/A,6/5/2015,Bone/Shell,
L16-14-31,102,1007,998,N/A,N/A,6/5/2015,Bone/Teeth,
L16-14-32,103,1007,998,N/A,N/A,6/5/2015,Bone ,
L16-14-35,103,1007,998,N/A,N/A,6/8/2015,Bone/Shell,
L16-14-37,103,1007,998,N/A,N/A,6/8/2015,Bone ,
L16-14-38,103,1007,998,N/A,N/A,6/18/2015,Bone ,
L16-14-39,104,1007,998,N/A,N/A,6/8/2015,Bone ,
L16-14-4,97,1007,998,N/A,N/A,6/3/2015,Bone/Shell,
L16-14-41,104,1007,998,N/A,N/A,6/8/2015,Bone ,
L16-14-43,104,1007,998,N/A,N/A,6/8/2015,Bone ,
L16-14-44,104,1007,998,N/A,N/A,6/8/2015,Bone ,
L16-14-46,105,1007,998,N/A,N/A,6/9/2015,Bone ,
L16-14-48,105,1007,998,N/A,N/A,6/9/2015,Bone,
L16-14-50,105,1007,998,N/A,N/A,6/9/2015,Bone ,
L16-14-51,105,1007,998,N/A,N/A,6/9/2015,Bone ,
L16-14-52,106,1007,998,N/A,N/A,6/9/2015,Bone ,
L16-14-53,106,1007,998,N/A,N/A,6/9/2015,Bone ,
L16-14-55,106,1007,998,N/A,N/A,6/10/2015,Bone/Shell,
L16-14-55,106,1007,998,N/A,N/A,6/10/2015,Bone ,
L16-14-64,107,1007,998,N/A,N/A,6/11/2015,Bone ,
L16-14-66,108,1007,998,98.55,N/A,6/4/2015,Bone ,
L16-14-7,97,1007,998,N/A,N/A,6/13/2015,Bone/Teeth/Shell,
L16-14-8,98,1007,998,N/A,N/A,6/3/2015,Bone ,
L16-24-14,99,1007,998,N/A,N/A,6/4/2015,Bone ,
M16-18-178,108,1008,1002,N/A,N/A,6/9/2015,Bone ,
L16-15-17,96,1007.11,999.335,99.16,188,6/5/2015,Bone,
L16-13-1,98,1007.25,997.75,N/A,N/A,6/19/2015,Bone/Teeth,-
L16-13-13,101,1007.25,997.25,98.9,N/A,6/23/2015,Bone ,
L16-13-14,101,1007.25,997.75,98.75,N/A,6/23/2015,Bone ,
L16-13-17,102,1007.25,997.25,98.85,N/A,6/23/2015,Bone ,-
L16-13-18,102,1007.25,997.75,N/A,N/A,6/23/2015,Bone ,
L16-13-22,103,1007.25,997.75,98.8,N/A,6/24/2015,Bone ,
L16-13-23,103,1007.25,997.25,98.8,N/A,6/24/2015,Bone/Teeth ,
L16-13-24,103,1007.25,997.75,98.8,N/A,6/24/2015,Bone/Teeth,
L16-13-26,104,1007.25,997.25,98.75,N/A,6/24/2015,Bone/Teeth,
L16-13-26,104,1007.25,997.25,98.75,N/A,6/24/2015,Bone ,
L16-13-28,104,1007.25,997.75,98.75,N/A,6/24/2015,Bone ,
L16-13-3,98,1007.25,997.25,99.05,N/A,6/19/2015,Bone ,
L16-13-33,105,1007.25,997.73,98.7,N/A,6/24/2015,Bone ,
L16-13-36,105,1007.25,997.75,99.65,N/A,6/25/2015,Bone/Shell,
L16-13-39,106,1007.25,997.25,98.65,N/A,6/25/2015,Bone/Teeth/Shell,
L16-13-4,99,1007.25,997.25,99,N/A,6/22/2015,Bone ,
L16-13-4,99,1007.25,997.25,99,N/A,6/24/2015,Bone,
L16-13-44,107,1007.25,997.25,98.6,N/A,6/25/2015,Bone/Teeth,
L16-13-48,107,1007.25,997.75,98.6,N/A,6/25/2015,Bone ,
L16-13-5,99,1007.25,997.75,99,N/A,6/22/2015,Bone/Teeth,
L16-13-57,106,1007.25,997.75,98.55,N/A,6/25/2015,Bone ,
L16-13-8,100,1007.25,997.25,98.95,N/A,6/22/2015,Bone ,
L16-13-9,N/A,1007.25,997.75,98.95,N/A,6/23/2015,Bone/Teeth,
L16-14-62,107,1007.25,998.25,98.6,N/A,6/10/2015,Bone ,
L16-14-69,108,1007.25,998.25,98.55,N/A,6/11/2015,Bone ,
L16-14-71,108,1007.25,998.75,98.55,N/A,6/11/2015,Bone ,
L16-14-75,109,1007.25,998.75,98.5,N/A,6/12/2015,Bone ,
L16-14-76,109,1007.25,998.25,98.25,N/A,6/12/2015,Bone ,
L16-15-102,114,1007.25,999.75,N/A,N/A,6/25/2015,Bone ,
L16-15-63,106,1007.25,999.75,N/A,N/A,6/16/2015,Bone ,
L16-15-68,107,1007.25,999.25,98.6,N/A,6/16/2015,Bone/Shell,
L16-15-69,107,1007.25,999.75,98.6,N/A,6/16/2015,Bone ,
L16-15-73,108,1007.25,999.25,98.55,N/A,6/19/2015,Bone/Teeth/Shell,
L16-15-74,108,1007.25,999.75,98.55,N/A,6/19/2015,Bone/Shell,
L16-15-77,109,1007.25,999.25,98.5,N/A,6/22/2015,Bone/Teeth/Shell,
L16-15-78,109,1007.25,999.75,98.5,N/A,6/22/2015,Bone/Teeth/Shell,
L16-15-81,110,1007.25,999.25,N/A,N/A,6/25/2015,Bone ,
L16-15-82,110,1007.25,999.75,N/A,N/A,6/23/2015,Bone ,
L16-15-85,111,1007.25,999.25,N/A,N/A,6/23/2015,Bone/Shell,
L16-15-86,111,1007.25,999.75,N/A,N/A,6/32/2012,Bone ,
L16-15-90,112,1007.25,999.75,98.35,N/A,6/24/2015,Bone ,
L16-15-91,112,1007.25,999.25,98.35,N/A,6/24/2015,NVT,
L16-15-91,112,1007.25,999.25,98.35,N/A,6/24/2015,Bone/Shell,
L16-15-96,113,1007.25,999.25,N/A,N/A,6/25/2015,Bone/Shell,
UN01,106,1007.25,999.25,98.65,N/A,6/15/2015,Bone/Shell,
L16-15-21,97,1007.299,999.332,99.097,N/A,6/5/2015,Bone,-
L16-15-97,113,1007.328,999.253,98.295,438,6/25/2015,Bone ,Bag 3 of 3
L16-15-20,97,1007.441,999.06,99.118,192,6/5/2015,Bone,-
L16-13-11,100,1007.75,997.75,98.95,N/A,6/25/2015,Bone ,-
L16-13-12,100,1007.75,997.25,98.95,N/A,6/23/2015,Bone ,-
L16-13-12,100,1007.75,997.25,98.95,N/A,6/23/2015,Bone ,
L16-13-15,101,1007.75,997.25,98.9,N/A,N/A,Bone ,Bag 2 of 2 
L16-13-16,N/A,1007.75,997.75,98.4,N/A,6/23/2015,Bone ,
L16-13-19,102,1007.75,997.75,98.85,N/A,6/24/3015,Bone ,
L16-13-20,102,1007.75,997.75,98.85,N/A,6/24/2015,Bone ,
L16-13-20,104,1007.75,997.25,98.75,N/A,6/24/2015,Bone ,
L16-13-22,105,1007.75,997.25,98.7,N/A,6/24/2015,Bone/Shell,
L16-13-25,103,1007.75,997.75,98.8,N/A,6/24/2015,Bone ,
L16-13-27,104,1007.75,997.75,98.75,N/A,6/24/2015,Bone/Teeth,-
L16-13-30,104,1007.75,997.25,98.75,N/A,6/24/2015,Bone,
L16-13-31,105,1007.75,997.75,98.7,N/A,6/24/2015,Bone ,
L16-13-34,105,1007.75,997.25,98.7,N/A,6/25/2015,Bone ,
L16-13-35,106,1007.75,997.25,98.65,N/A,6/25/2015,Bone ,
L16-13-38,106,1007.75,997.75,N/A,N/A,6/25/2015,Bone ,
L16-13-38,106,1007.75,997.75,98.65,N/A,6/25/2015,Bone ,
L16-13-43,107,1007.75,997.75,98.6,N/A,6/25/2015,Bone/Shell,
L16-13-43,107,1007.75,997.75,98.6,N/A,6/25/2015,Bone ,
L16-13-49,107,1007.75,997.25,98.6,N/A,6/25/2015,Bone ,
L16-13-50,108,1007.75,997.25,98.55,N/A,6/25/2015,Bone,
L16-13-6,99,1007.75,997.25,99.66,N/A,6/22/2015,Bone ,
L16-13-7,99,1007.75,997.75,99,N/A,6/22/2015,Bone/Shell,
L16-14-57,107,1007.75,998.25,N/A,N/A,6/10/2015,Bone,
L-16-14-57,107,1007.75,998.25,N/A,N/A,6/10/2015,Bone ,-
L16-14-68,108,1007.75,998.75,98.55,N/A,6/11/2015,Bone/Teeth ,
L16-14-72,109,1007.75,998.25,N/A,N/A,6/12/2015,Bone ,
L16-15-60,106,1007.75,999.75,N/A,N/A,6/12/2015,Bone/Teeth/Shell,
L16-15-65,107,1007.75,999.75,N/A,N/A,6/16/2015,Bone ,
L16-15-72,108,1007.75,999.75,98.55,N/A,6/19/2015,Bone/Shell,
L16-15-76,109,1007.75,999.75,98.5,N/A,6/22/2015,Bone,
L16-15-80,110,1007.75,999.75,98.48,N/A,6/22/2015,Bone/Shell,
L16-15-84,111,1007.75,999.75,N/A,N/A,6/23/2015,Bone ,
L16-15-89,112,1007.75,999.75,98.35,N/A,6/24/2015,Bone ,
L16-15-93,113,1007.75,999.75,98.3,N/A,6/24/2015,Bone ,
L16-15-94,113,1007.75,999.75,98.3,N/A,6/24/2015,Bone/Shell,
L16-15-99,114,1007.75,999.75,N/A,N/A,6/25/2015,Bone ,
L16-16-1,100-102,1008,995,N/A,N/A,6/26/2014,Bone,-
L16-16-11,106,1008,995,N/A,N/A,6/27/2014,Bone,-
L16-16-12,106,1008,995,N/A,N/A,6/27/2014,Bone,-
L16-16-13,107,1008,995,N/A,N/A,6/27/2014,Bone,-
L16-16-14,107,1008,995,N/A,N/A,6/27/2014,Bone,-
L16-16-15,108,1008,995,N/A,N/A,6/27/2014,Bone,-
L16-16-17,109,1008,995,N/A,N/A,6/27/2014,Bone,-
L16-16-19,110,1008,995,N/A,N/A,6/27/2014,Bone,-
L16-16-2,100-102,1008,995,N/A,N/A,6/26/2014,Bone,-
L16-16-20,110,1008,995,N/A,N/A,6/27/2014,Bone,-
L16-16-23,111,1008,995,N/A,N/A,6/27/2014,Bone,-
L16-16-25,112,1008,995,N/A,N/A,6/27/2014,Bone,-
L16-16-26,112,1008,995,N/A,N/A,6/27/2014,Bone,-
L16-16-27,113,1008,995,N/A,N/A,6/27/2014,Bone,-
L16-16-28,113,1008,995,N/A,N/A,6/27/2014,Bone,-
L16-16-3,99,1008,995,N/A,N/A,6/26/2014,Bone,-
L16-16-4,98,1008,995,N/A,N/A,6/26/2014,Bone,-
L16-16-5,103,1008,995,N/A,N/A,6/27/2014,Bone,-
L16-16-6,103,1008,995,N/A,N/A,6/27/2014,Bone,-
L16-16-7,104,1008,995,N/A,N/A,6/27/2014,Bone,-
L16-16-8,104,1008,995,N/A,N/A,6/27/2014,Bone,-
L16-16-9,105,1008,995,N/A,N/A,6/27/2014,Bone,-
L16-17-1,104,1008,996,N/A,N/A,3/4/2012,Bone,-
L16-17-102,114,1008,996,N/A,N/A,6/30/2014,Shell,Bag 1 of 2
L16-17-102,114,1008,996,N/A,N/A,6/30/2014,Bone,Bag 1 of 2
L16-17-103,115,1008,996,N/A,N/A,6/30/2014,Bone,-
L16-17-103,115,1008,996,N/A,N/A,6/30/2014,Shell,-
L16-17-107,115,1008,996,N/A,N/A,6/30/2014,Tooth,-
L16-17-107,115,1008,996,N/A,N/A,6/30/2014,Bone,-
L16-17-108,115,1008,996,N/A,N/A,6/30/2014,Bone,-
L16-17-108,115,1008,996,N/A,N/A,6/30/2014,Teeth,-
L16-17-109,N/A,1008,1000,N/A,N/A,6/11/2014,Bone,-
L16-17-109,N/A,1008,1000,N/A,N/A,6/11/2014,Snail Shell,-
L16-17-111,115,1008,996,N/A,N/A,6/30/2014,Shell,-
L16-17-111,115,1008,996,N/A,N/A,6/30/2014,Bone,-
L16-17-114,116,1008,996,N/A,N/A,6/30/2014,Bone,-
L16-17-114,116,1008,996,N/A,N/A,6/30/2014,Shell,-
L16-17-115,116,1008,996,N/A,N/A,6/30/2014,Shell,-
L16-17-115,116,1008,996,N/A,N/A,6/30/2014,Tooth,-
L16-17-115,116,1008,996,N/A,N/A,6/30/2014,Bone,-
L16-17-116,116,1008,996,N/A,N/A,6/30/2014,Bone,-
L16-17-117,116,1008,996,N/A,N/A,6/30/2014,Bone,Bag 2 of 5
L16-17-118,117,1008,996,N/A,N/A,6/30/2014,Bone,-
L16-17-119,116,1008,996,N/A,N/A,6/30/2014,Bone,-
L16-17-120,117,1008,996,N/A,N/A,6/30/2014,Bone,-
L16-17-123,117,1008,996,N/A,N/A,7/1/2014,Tooth,-
L16-17-123,117,1008,996,N/A,N/A,7/1/2014,Bone,-
L16-17-124,118,1008,996,N/A,N/A,7/1/2014,Bone,-
L16-17-124,118,1008,996,N/A,N/A,N/A,Bone,Bag 2 of 2
L16-17-126,118,1008,996,N/A,N/A,7/1/2014,Bone,-
L16-17-126,118,1008,996,N/A,N/A,7/1/2014,Tooth,-
L16-17-130,118,1008,996,N/A,N/A,7/1/2014,Bone,-
L16-17-132,119,1008,996,N/A,N/A,7/1/2014,Bone,-
L16-17-135,119,1008,996,N/A,N/A,7/1/2014,Tooth,-
L16-17-135,119,1008,996,N/A,N/A,7/1/2014,Bone,-
L16-17-137,119,1008,996,N/A,N/A,7/1/2014,Bone,-
L16-17-141,119,1008,996,N/A,N/A,7/1/2014,Bone,-
L16-17-142,120,1008,996,N/A,N/A,7/1/2014,Bone,-
L16-17-143,120,1008,996,N/A,N/A,7/1/2014,Bone,-
L16-17-144,120,1008,996,N/A,N/A,7/1/2014,Bone,-
L16-17-147,120,1008,996,N/A,N/A,7/1/2014,Bone,-
L16-17-151,121,1008,996,N/A,N/A,7/2/2014,Bone,-
L16-17-152,121,1008,996,N/A,N/A,7/2/2014,Bone,-
L16-17-154,122,1008,996,N/A,N/A,7/2/2014,Shell,-
L16-17-154,122,1008,996,N/A,N/A,7/2/2014,Bone,-
L16-17-159,122,1008,996,N/A,N/A,7/2/2014,Bone,-
L16-17-160,123,1008,996,N/A,N/A,7/2/2014,Bone,Bag 3 of 3
L16-17-161,123,1008,996,N/A,N/A,7/2/2014,Bone,-
L16-17-161,123,1008,996,N/A,N/A,7/2/2014,Shell,-
L16-17-162,123,1008,996,N/A,N/A,7/2/2014,Bone,-
L16-17-163,123,1008,996,N/A,N/A,7/2/2014,Bone,-
L16-17-165,124,1008,996,N/A,N/A,7/2/2014,Snail Shell,-
L16-17-165,124,1008,996,N/A,N/A,7/2/2014,Bone,-
L16-17-166,124,1008,996,N/A,N/A,7/2/2014,Bone,-
L16-17-168,124,1008,996,N/A,N/A,7/14/2014,Shell,-
L16-17-168,124,1008,996,N/A,N/A,7/14/2014,Bone,-
L16-17-168,124,1008,996,N/A,N/A,7/14/2014,Tooth,-
L16-17-169,120-123,1008,996,N/A,N/A,7/14/2014,Bone,Bag 1 of 3
L16-17-172,124,1008,996,N/A,N/A,N/A,Bone,-
L16-17-179,125,1008,996,N/A,N/A,7/14/2014,Bone,-
L16-17-185,125,1008,996,N/A,N/A,7/14/2014,Bone,-
L16-17-188,125,1008,996,N/A,N/A,7/14/2014,Bone,Bag 2 of 3
L16-17-191,125,1008,996,N/A,N/A,7/14/2014,Bone,Bag 1 of 2
L16-17-193,126,1008,996,N/A,N/A,7/14/2014,Bone,-
L16-17-195,126,1008,996,N/A,N/A,7/15/2014,Unidentified ,-
L16-17-196,126,1008,996,N/A,N/A,7/15/2014,Bone,-
L16-17-197,126,1008,996,N/A,N/A,7/15/2014,Bone,-
L16-17-199,127,1008,996,N/A,N/A,7/15/2014,Bone,-
L16-17-2,104,1008,996,N/A,N/A,N/A,Bone,Bag 2 of 3
L16-17-201,127,1008,996,N/A,N/A,7/15/2014,Bone,-
L16-17-203,127,1008,996,N/A,N/A,7/15/2014,Bone,-
L16-17-206,127,1008,996,N/A,N/A,7/15/2014,Bone,-
L16-17-207,128,1008,996,N/A,N/A,7/15/2014,Bone,-
L16-17-208,128,1008,996,N/A,N/A,7/15/2014,Bone,-
L16-17-209,128,1008,996,N/A,N/A,7/15/2014,Bone,-
L16-17-210,128,1008,996,N/A,N/A,7/15/2014,Bone,-
L16-17-216,125-129,1008,996,N/A,N/A,7/16/2014,Bone,-
L16-17-3,105,1008,996,N/A,N/A,3/30/2012,Bone,Bag 2 of 3
L16-17-5,105,1008,996,98.7,N/A,3/30/2012,Bone,Bag 2 of 3
L16-17-51,103-104,1008,996,N/A,N/A,4/5/2014,Shell,-
L16-17-51,103-104,1008,996,N/A,N/A,4/5/2014,Bone,-
L16-17-52,105-101,1008,996,N/A,N/A,4/6/2014,Bone,Bag 1 of 2
L16-17-53,103-104,1008,996,N/A,N/A,4/11/2014,Bone,-
L16-17-55,105,1008,996,N/A,N/A,3/4/2014,Bone,-
L16-17-56,105,1008,996,N/A,N/A,5/2/2014,Bone,-
L16-17-57,105,1008,996,N/A,N/A,6/7/2014,Bone,-
L16-17-58,105,1008,996,N/A,N/A,6/2/2014,Bone,-
L16-17-59,106,1008,996,N/A,N/A,6/4/2014,Bone,-
L16-17-6,105,1008,996,N/A,N/A,3/31/2012,Bone,-
L16-17-60,106,1008,996,N/A,N/A,6/4/2014,Bone,-
L16-17-61,106,1008,996,N/A,N/A,6/4/2014,Bone,-
L16-17-62,106,1008,996,N/A,N/A,6/4/2014,Bone,-
L16-17-63,106,1008,996,N/A,N/A,6/4/2014,Bone,-
L16-17-64,107,1008,996,N/A,N/A,6/6/2014,Bone,-
L16-17-65,107,1008,996,N/A,N/A,6/10/2014,Bone,-
L16-17-65,107,1008,996,N/A,N/A,6/10/2014,Shell,-
L16-17-66,107,1008,996,N/A,N/A,N/A,Bone,Bag 1 of 2
L16-17-66,107,1008,996,N/A,N/A,N/A,Shell,Bag 1 of 2
L16-17-66,107,1008,996,N/A,N/A,N/A,Snail Shell,-
L16-17-67,108,1008,996,N/A,N/A,6/10/2014,Bone,-
L16-17-68,108,1008,996,N/A,N/A,N/A,Bone,-
L16-17-68,108,1008,996,N/A,N/A,N/A,-,-
L16-17-69,N/A,1008,996,N/A,N/A,N/A,Bone,-
L16-17-70,108,1008,996,N/A,N/A,6/10/2014,Bone,-
L16-17-71,109,1008,996,N/A,N/A,6/10/2014,Bone,-
L16-17-73,109,1008,996,N/A,N/A,6/11/2014,Bone,-
L16-17-74,109,1008,996,N/A,N/A,6/10/2014,Bone,-
L16-17-75,110,1008,996,N/A,N/A,6/11/2014,Bone,-
L16-17-76,110,1008,996,N/A,N/A,6/11/2014,Shell,-
L16-17-76,110,1008,996,N/A,N/A,6/11/2014,Teeth,-
L16-17-76,110,1008,996,N/A,N/A,6/11/2014,Bone,-
L16-17-77,110,1008,996,N/A,N/A,11-Jun,Bone,-
L16-17-78,110,1008,996,N/A,N/A,6/11/2014,Bone,-
L16-17-79,111,1008,996,N/A,N/A,6/11/2014,Bone,-
L16-17-8,105,1008,996,N/A,N/A,4/13/2012,Bone,Bag 1 of 2
L16-17-80,111,1008,996,N/A,N/A,6/11/2014,Bone,-
L16-17-81,111,1008,996,N/A,N/A,6/4/2014,Bone,-
L16-17-82,111,1008,996,N/A,N/A,6/11/2014,Bone,-
L16-17-83,112,1008,996,N/A,N/A,6/11/2014,Bone,-
L16-17-84,112,1008,996,N/A,N/A,6/13/2014,Bone,-
L16-17-85,112,1008,996,N/A,N/A,6/13/2014,Teeth,-
L16-17-85,112,1008,996,N/A,N/A,6/13/2014,Bone,-
L16-17-85,112,1008,996,N/A,N/A,6/13/2014,Shell,-
L16-17-86,110,1008,997,N/A,N/A,6/13/2014,Bone,-
L16-17-86,112,1008,996,N/A,N/A,6/13/2014,Bone,Bag 1 of 2
L16-17-87,113,1008,996,N/A,N/A,6/13/2014,Tooth,-
L16-17-87,113,1008,996,N/A,N/A,6/13/2014,Bone,-
L16-17-88,113,1008,996,N/A,N/A,6/13/2014,Bone,-
L16-17-89,113,1008,996,N/A,N/A,6/13/2014,Shell,-
L16-17-89,113,1008,996,N/A,N/A,6/13/2014,Bone,-
L16-17-9,106,1008,996,N/A,N/A,4/13/2012,Bone,Bag 2 of 4
L16-17-9,106,1008,996,N/A,N/A,4/13/2012,-,Bag 3 of 4
L16-17-90,113,1008,996,N/A,N/A,6/13/2014,Bone,-
L16-17-91,114,1008,996,N/A,N/A,6/27/2014,Shell,-
L16-17-91,114,1008,996,N/A,N/A,6/27/2014,Bone,-
L16-17-92,114,1008,996,N/A,N/A,6/27/2014,Bone,-
L16-17-96,114,1008,996,N/A,N/A,6/27/2014,Bone,Bag 1 of 2
L16-18-112,114,1008,997,N/A,N/A,6/7/2014,Bone,-
L16-18-114,115,1008,997,N/A,N/A,6/17/2014,Bone ,
L16-18-116,115,1008,997,N/A,N/A,6/17/2014,Pet. Wood,-
L16-18-116,115,1008,997,N/A,N/A,6/17/2014,Bone,-
L16-18-117,115,1008,997,N/A,N/A,6/17/2014,Bone,-
L16-18-12,103,1008,997,N/A,N/A,3/31/2012,Bone,-
L16-18-13,104,1008,997,N/A,N/A,8/28/2013,Bone/Shell,
L16-18-132,118,1008,997,N/A,N/A,6/18/2014,Bone,-
L16-18-133,118,1008,997,N/A,N/A,6/18/2014,Bone ,
L16-18-150,120,1008,997,N/A,N/A,6/19/2014,Bone,-
L16-18-152,120,1008,997,N/A,N/A,N/A,Bone,-
L16-18-164,124,1008,997,N/A,N/A,7/15/2014,Bone,-
L16-18-167,125,1008,997,N/A,N/A,7/15/2014,Bone,-
L16-18-171,116-125,1008,997,N/A,N/A,7/16/2014,Bone,-
L16-18-171,116-125,1008,997,N/A,N/A,7/16/2014,Bone,-
L16-18-182,127,1008,997,N/A,N/A,7/16/2014,Shell,-
L16-18-182,127,1008,997,N/A,N/A,7/16/2014,Bone,-
L16-18-2,102,1008,997,N/A,N/A,N/A,Bone ,
L16-18-3,102,1008,997,N/A,N/A,3/4/2012,Bone ,
L16-18-3,102,1008,997,N/A,N/A,3/4/2012,Bone,
L16-18-5,102,1008,997,N/A,N/A,N/A,Bone ,Bag 2 of 2
L16-18-50,101-102,1008,997,N/A,N/A,4/6/2014,Tooth,-
L16-18-50,101-102,1008,997,N/A,N/A,4/6/2014,Bone,-
L16-18-51,101-102,1008,997,N/A,N/A,4/11/2014,Bone,Bag 1 of 2
L16-18-51,101-102,1008,997,N/A,N/A,4/11/2014,Teeth,Bag 1 of 2
L16-18-51,101-102,1008,997,N/A,N/A,N/A,Bone,Bag 2 of 2
L16-18-51,101-102,1008,997,N/A,N/A,4/11/2014,Shell,Bag 1 of 2
L16-18-52,101-102,1008,997,N/A,N/A,4/18/2014,Bone,Bag 1 of 2
L16-18-52,101-102,1008,997,N/A,N/A,4/13/2014,Bone,Bag 2 of 2 
L16-18-52,101-102,1008,997,N/A,N/A,4/18/2014,Tooth,Bag 1 of 2
L16-18-52,101-102,1008,997,N/A,N/A,4/13/2014,Tooth,Bag 2 of 2
L16-18-52,101-102,1008,997,N/A,N/A,4/13/2014,Shell,Bag 2 of 2
L16-18-54,101-102,1008,997,N/A,N/A,4/19/2014,Bone ,
L16-18-55,103,1008,997,N/A,N/A,5/21/2014,Bone ,
L16-18-56,103,1008,997,N/A,N/A,5/2/2014,Tooth,-
L16-18-56,103,1008,997,N/A,N/A,5/2/2014,Bone,-
L16-18-57,103,1008,997,N/A,N/A,5/2/2014,Bone,-
L16-18-57,103,1008,997,N/A,N/A,5/2/2014,Shell,-
L16-18-58,103,1008,997,N/A,N/A,N/A,Bone,-
L16-18-59,104,1008,997,N/A,N/A,N/A,Bone,-
L16-18-6,103,1008,997,N/A,N/A,3/30/2012,Bone ,
L16-18-61,104,1008,997,N/A,N/A,6/2/2014,Bone ,
L16-18-62,104,1008,997,N/A,N/A,N/A,Bone,-
L16-18-63,105,1008,997,N/A,N/A,6/4/2014,Tooth,-
L16-18-63,105,1008,997,N/A,N/A,6/4/2014,Bone,-
L16-18-64,105,1008,997,N/A,N/A,6/4/2014,Bone,-
L16-18-65,105,1008,997,N/A,N/A,6/4/2014,Bone,
L16-18-66,105,1008,997,N/A,N/A,6/4/2014,Bone ,
L16-18-67,106,1008,997,N/A,N/A,6/4/2014,Bone,
L16-18-68,106,1008,997,N/A,N/A,6/6/2014,Bone,-
L16-18-69,106,1008,997,N/A,N/A,6/10/2014,Bone,-
L16-18-70,106,1008,997,N/A,N/A,6/10/2014,Bone,-
L16-18-71,107,1008,997,N/A,N/A,6/10/2014,Bone ,
L16-18-72,107,1008,997,N/A,N/A,6/10/2014,Bone,Bag 1 of 2
L16-18-74,107,1008,997,N/A,N/A,6/10/2014,Bone,-
L16-18-74,107,1008,997,N/A,N/A,6/10/2014,Snail Shell,-
L16-18-75,108,1008,997,N/A,N/A,6/10/2014,Bone,-
L16-18-77,108,1008,997,N/A,N/A,6/11/2014,Bone,-
L16-18-77,108,1008,997,N/A,N/A,6/11/2014,Tooth,-
L16-18-78,108,1008,997,N/A,N/A,6/11/2014,Bone,-
L16-18-79,109,1008,997,N/A,N/A,6/11/2014,Bone ,
L16-18-80,109,1008,997,N/A,N/A,6/11/2014,Bone ,
L16-18-82,109,1008,997,N/A,N/A,6/11/2014,Bone ,
L16-18-83,110,1008,997,N/A,N/A,6/11/2014,Snail Shell,-
L16-18-83,110,1008,997,N/A,N/A,6/11/2014,Bone,-
L16-18-84,110,1008,997,N/A,N/A,6/13/2014,Bone ,-
L16-18-85,110,1008,997,N/A,N/A,6/13/2014,Bone,-
L16-18-88,111,1008,997,N/A,N/A,6/13/2014,Bone,-
L16-18-89,111,1008,997,N/A,N/A,6/13/2014,Bone ,
L16-18-9,103,1008,997,N/A,N/A,3/31/2012,Bone ,
L16-18-97,112,1008,997,N/A,N/A,6/16/2014,Bone,-
L16-18-99,112,1008,997,N/A,N/A,6/16/2014,Bone,-
L16-19-1,100,1008,998,N/A,N/A,4/6/2013,Bone,Bag 2 of 3
L16-19-12,103,1008,998,N/A,N/A,4/28/2012,Bone,Bag 2 of 3
L16-19-13,107,1008,998,N/A,N/A,4/7/2013,Bone,Bag 2 of 3
L16-19-14,108,1008,998,N/A,N/A,4/7/2013,Bone,-
L16-19-14,118,1008,993,N/A,N/A,4/28/2012,Bone,-
L16-19-15,109,1008,998,N/A,N/A,N/A,Bone,-
L16-19-19,110,1008,998,N/A,N/A,6/24/2014,Bone,-
L16-19-2,N/A,1008,998,N/A,N/A,4/6/2013,Bone,-
L16-19-20,110,1008,998,N/A,N/A,6/24/2014,Bone,Bag 1 of 2
L16-19-20,110,1008,998,N/A,N/A,6/24/2014,Tooth,Bag 1 of 2
L16-19-21,110,1008,998,N/A,N/A,6/24/2014,Bone,-
L16-19-22,110,1008,998,N/A,N/A,6/24/2014,Bone,-
L16-19-3,102,1008,998,N/A,N/A,4/6/2013,Bone,-
L16-19-3,48-56 cmbs,1008,998,N/A,N/A,4/6/2013,Bone,Bag 2 of 3
L16-19-4,103,1008,998,N/A,N/A,4/6/2013,Bone,Bag 4 of 4
L16-19-5,104,1008,998,N/A,N/A,9/6/2013,Bone,-
L16-19-59,117,1008,998,N/A,N/A,6/25/2014,Bone,Bag 1 of 2
L16-19-6,105,1008,998,N/A,N/A,4/7/2013,Bone,-
L16-19-6,100-102,1008,998,N/A,N/A,3/31/2012,Bone,-
L16-19-7,106,1008,998,N/A,N/A,4/7/2013,Bone,-
L16-19-72,119,1008,998,N/A,N/A,6/25/2014,Bone,-
L16-19-9,N/A,1008,998,102,N/A,3/31/2012,Bone,-
L16-20-13,106,1008,999,N/A,N/A,4/7/2013,Bone,-
L16-20-18,107,1008,999,N/A,N/A,4/8/2013,Bone,3 of 4
L16-20-18,107,1008,999,N/A,N/A,4/8/2013,Bone,Bag 3 of 4
L16-20-2,Upper Levels,1008,999,N/A,N/A,4/16/2013,Bone,Bag 2 of 2
L16-20-2,Upper Levels,1008,999,N/A,N/A,4/16/2013,Bone,Bag 2 of 2
L16-20-29,106-109,1008,999,N/A,N/A,4/18/2013,Bone,-
L16-20-29,106-109,1008,999,N/A,N/A,4/18/2013,Bone,-
L16-20-3,106,1008,999,N/A,N/A,4/7/2013,Bone,-
L16-20-3,43-48 cmbs,1008,999,N/A,N/A,4/6/2013,Bone,-
L16-20-3,43-48 cmbs,1008,999,N/A,N/A,4/6/2013,Bone,-
L16-20-35,114,1008,999,N/A,N/A,4/11/2013,Bonw,-
L16-20-35,114,1008,999,N/A,N/A,4/11/2013,Bone,-
L16-20-4,101,1008,999,N/A,N/A,4/6/2013,Bone,-
L16-20-4,101,1008,999,N/A,N/A,4/6/2013,Bone,-
L16-20-5,102,1008,999,N/A,N/A,4/7/2013,Bone,-
L16-20-5,102-103 all,1008,999,N/A,N/A,4/7/2013,Bone,-
L16-20-53,122,1008,999,N/A,N/A,N/A,Bone,-
L16-20-53,122,1008,999,N/A,N/A,N/A,Bone,-
L16-20-56,125,1008,999,N/A,N/A,4/14/2013,Bone,-
L16-20-56,125,1008,999,N/A,N/A,4/14/2013,Bone,-
L16-20-77,121,1008,999,N/A,N/A,7/21/2014,Shell,-
L16-20-77,121,1008,999,N/A,N/A,7/21/2014,Shell,-
L16-20-8,104,1008,999,N/A,N/A,4/7/2013,Bone,Bag 2 of 3
L16-20-8,104,1008,999,N/A,N/A,4/7/2013,Bone,Bag 2 of 3
L16-26-10,105,1008,999,N/A,N/A,4/9/2013,Bone,Bag 2 of 3
L16-26-10,105,1008,999,N/A,N/A,4/9/2013,Bone,Bag 2 of 3
M16-16-1,88-90,1008,1000,N/A,N/A,6/10/2014,Bone,-
M16-16-1,88-90,1008,1000,N/A,N/A,6/10/2014,Bone,-
M16-16-100,111,1008,1000,N/A,N/A,7/1/2014,Shell,-
M16-16-100,111,1008,1000,N/A,N/A,7/1/2014,Shell,-
M16-16-101,111,1008,1000,N/A,N/A,7/1/2014,Shell,-
M16-16-101,111,1008,1000,N/A,N/A,7/1/2014,Bone,-
M16-16-101,111,1008,1000,N/A,N/A,7/1/2014,Bone,-
M16-16-101,111,1008,1000,N/A,N/A,7/1/2014,Shell,-
M16-16-102,112,1008,1000,N/A,N/A,7/1/2014,Bone,
M16-16-103,112,1008,1000,N/A,N/A,7/2/2014,Bone,-
M16-16-103,112,1008,1000,N/A,N/A,7/2/2014,Bone,-
M16-16-104,112,1008,1000,N/A,N/A,7/2/2014,Snail Shell,-
M16-16-104,112,1008,1000,N/A,N/A,7/2/2014,Bone,-
M16-16-104,112,1008,1000,N/A,N/A,7/2/2014,Bone,-
M16-16-104,112,1008,1000,N/A,N/A,7/2/2014,Snail Shell,-
M16-16-105,112,1008,1000,N/A,N/A,7/2/2014,Bone,Bag 1 of 2
M16-16-105,112,1008,1000,N/A,N/A,7/2/2014,Bone,-
M16-16-106,113,1008,1000,N/A,N/A,7/2/2014,Bone,-
M16-16-106,113,1008,1000,N/A,N/A,7/2/2014,Bone,-
M16-16-107,113,1008,1000,N/A,N/A,7/2/2014,Snail Shell,-
M16-16-107,113,1008,1000,N/A,N/A,7/2/2014,Bone,-
M16-16-107,113,1008,1000,N/A,N/A,7/2/2014,Bone,-
M16-16-107,113,1008,1000,N/A,N/A,7/2/2014,Snail Shell,-
M16-16-108,113,1008,1000,N/A,N/A,7/2/2014,Snail Shell,-
M16-16-108,113,1008,1000,N/A,N/A,7/2/2014,Bone,-
M16-16-108,113,1008,1000,N/A,N/A,7/2/2014,Snail Shell,-
M16-16-108,113,1008,1000,N/A,N/A,7/2/2014,Bone,-
M16-16-109,113,1008,1000,N/A,N/A,7/24/2014,Bone,
M16-16-11,93,1008,1000,N/A,N/A,6/11/2014,Bone,
M16-16-110,114,1008,1000,N/A,N/A,7/14/2014,Bone,-
M16-16-110,114,1008,1000,N/A,N/A,7/14/2014,Bone,-
M16-16-111,114,1008,1000,N/A,N/A,7/14/2014,Snail Shell,-
M16-16-111,114,1008,1000,N/A,N/A,7/14/2014,Shell,-
M16-16-111,114,1008,1000,N/A,N/A,7/14/2014,Snail Shell,-
M16-16-111,114,1008,1000,N/A,N/A,7/14/2014,Shell,-
M16-16-112,114,1008,1000,N/A,N/A,7/14/2014,Shell,-
M16-16-113,114,1008,1000,N/A,N/A,7/14/2014,Shell,-
M16-16-113,114,1008,1000,N/A,N/A,7/14/2014,Bone,-
M16-16-113,114,1008,1000,N/A,N/A,7/14/2014,Teeth,-
M16-16-113,114,1008,1000,N/A,N/A,7/14/2014,Teeth,-
M16-16-113,114,1008,1000,N/A,N/A,7/14/2014,Bone,-
M16-16-113,114,1008,1000,N/A,N/A,7/14/2014,Shell,-
M16-16-114,115,1008,1000,N/A,N/A,7/14/2014,Shell,-
M16-16-114,115,1008,1000,N/A,N/A,7/14/2014,Bone,-
M16-16-114,115,1008,1000,N/A,N/A,7/14/2014,Shell,-
M16-16-114,115,1008,1000,N/A,N/A,7/14/2013,Bone,-
M16-16-116,115,1008,1000,N/A,N/A,7/14/2014,Bone,-
M16-16-116,115,1008,1000,N/A,N/A,7/14/2014,Bone,-
M16-16-117,115,1008,1000,N/A,N/A,7/14/2014,Bone,-
M16-16-117,115,1008,1000,N/A,N/A,7/14/2014,Tooth,-
M16-16-117,115,1008,1000,N/A,N/A,7/14/2014,Bone,-
M16-16-117,115,1008,1000,N/A,N/A,7/14/2014,Tooth,-
M16-16-118,115,1008,1000,N/A,N/A,7/14/2014,Shell,-
M16-16-118,115,1008,1000,N/A,N/A,7/14/2014,Snail Shell,-
M16-16-118,115,1008,1000,N/A,N/A,7/14/2014,Bone,-
M16-16-118,115,1008,1000,N/A,N/A,7/14/2014,Bone,-
M16-16-118,115,1008,1000,N/A,N/A,7/14/2014,Snail Shell,-
M16-16-118,115,1008,1000,N/A,N/A,7/14/2014,Shell,-
M16-16-119,116,1008,1000,N/A,N/A,7/15/2014,Shell,-
M16-16-119,116,1008,1000,N/A,N/A,7/15/2014,Bone,-
M16-16-119,116,1008,1000,N/A,N/A,7/15/2014,Bone,-
M16-16-119,116,1008,1000,N/A,N/A,7/15/2014,Shell,-
M16-16-121,116,1008,1000,N/A,N/A,7/15/2014,Bone,-
M16-16-121,116,1008,1000,N/A,N/A,7/15/2014,Bone,-
M16-16-123,116,1008,1000,N/A,N/A,7/15/2014,Snail Shell,-
M16-16-123,116,1008,1000,N/A,N/A,7/15/2016,Shell,-
M16-16-123,116,1008,1000,N/A,N/A,7/15/2014,Bone,-
M16-16-123,116,1008,1000,N/A,N/A,7/15/2014,Bone,-
M16-16-123,116,1008,1000,N/A,N/A,7/15/2014,Shell,-
M16-16-123,116,1008,1000,N/A,N/A,7/15/2014,Snail Shell,-
M16-16-125,116,1008,1000,N/A,N/A,7/15/2014,Bone,-
M16-16-125,116,1008,1000,N/A,N/A,7/15/2014,Bone,-
M16-16-125,116,1008,1000,N/A,N/A,7/15/2014,Teeth,-
M16-16-125,116,1008,1000,N/A,N/A,7/15/2014,Shell,-
M16-16-125,116,1008,1000,N/A,N/A,7/15/2014,Teeth,-
M16-16-127,117,1008,1000,N/A,N/A,7/15/2014,Shell,-
M16-16-127,117,1008,1000,N/A,N/A,7/15/2014,Shell,-
M16-16-127,117,1008,1000,N/A,N/A,7/15/2014,Snail Shell,-
M16-16-128,117,1008,1000,N/A,N/A,7/15/2014,Bone,Bag 1 of 2
M16-16-128,117,1008,1000,N/A,N/A,7/15/2014,Bone,Bag 1 of 2
M16-16-129,117,1008,1000,N/A,N/A,7/15/2014,Shell,-
M16-16-129,117,1008,1000,N/A,N/A,7/15/2014,Bone,-
M16-16-129,117,1008,1000,N/A,N/A,7/15/2014,Snail Shell,-
M16-16-129,117,1008,1000,N/A,N/A,7/15/2014,Bone,-
M16-16-129,117,1008,1000,N/A,N/A,7/15/2014,Snail Shell,-
M16-16-129,117,1008,1000,N/A,N/A,7/15/2014,Shell,-
M16-16-13,93,1008,1000,N/A,N/A,6/11/2014,Snail Shell,-
M16-16-13,93,1008,1000,N/A,N/A,6/11/2014,Bone,-
M16-16-13,93,1008,1000,N/A,N/A,6/11/2014,Shell,-
M16-16-13,93,1008,1000,N/A,N/A,6/11/2014,Snail Shell,-
M16-16-13,93,1008,1000,N/A,N/A,6/11/2014,Shell,-
M16-16-13,93,1008,1000,N/A,N/A,6/11/2014,Bone,-
M16-16-131,117,1008,1000,N/A,N/A,7/15/2014,Snail Shell,-
M16-16-131,117,1008,1000,N/A,N/A,7/15/2014,Bone,-
M16-16-131,117,1008,1000,N/A,N/A,7/15/2014,Tooth,-
M16-16-131,117,1008,1000,N/A,N/A,7/15/2014,Bone,-
M16-16-131,117,1008,1000,N/A,N/A,7/15/2014,Snail Shell,-
M16-16-131,117,1008,1000,N/A,N/A,7/15/2014,Tooth,-
M16-16-133,118,1008,1000,N/A,N/A,7/15/2014,Shell,-
M16-16-133,118,1008,1000,N/A,N/A,7/15/2014,Bone,-
M16-16-133,118,1008,1000,N/A,N/A,7/15/2014,Tooth,-
M16-16-133,118,1008,1000,N/A,N/A,7/15/2014,Bone,-
M16-16-133,118,1008,1000,N/A,N/A,7/15/2014,Tooth,-
M16-16-133,118,1008,1000,N/A,N/A,7/15/2014,Shell,-
M16-16-134,118,1008,1000,N/A,N/A,7/15/2014,Bone,Bag 1 of 3
M16-16-134,118,1008,1000,N/A,N/A,7/15/2014,Bone,-
M16-16-135,118,1008,1000,N/A,N/A,7/15/2014,Snail Shell,-
M16-16-135,118,1008,1000,N/A,N/A,7/15/2014,Shell,-
M16-16-135,118,1008,1000,N/A,N/A,7/15/2014,Shell,-
M16-16-135,118,1008,1000,N/A,N/A,7/15/2014,Snail Shell,-
M16-16-137,118,1008,1000,N/A,N/A,7/15/2014,Bone,Bag 1 of 2
M16-16-138,119,1008,1000,N/A,N/A,7/16/2014,Bone,-
M16-16-138,119,1008,1000,N/A,N/A,7/16/2014,Bone,-
M16-16-139,119,1008,1000,N/A,N/A,7/16/2014,Bone,-
M16-16-139,119,1008,1000,N/A,N/A,7/16/2014,Bone,-
M16-16-14,93,1008,1000,N/A,N/A,6/11/2014,Bone,
M16-16-140,119,1008,1000,N/A,N/A,7/16/2014,Bone,-
M16-16-140,119,1008,1000,N/A,N/A,7/16/2014,Shell,-
M16-16-140,119,1008,1000,N/A,N/A,7/16/2014,Snail Shell,-
M16-16-140,119,1008,1000,N/A,N/A,7/16/2014,Snail Shell,-
M16-16-140,119,1008,1000,N/A,N/A,7/16/2014,Bone,-
M16-16-140,119,1008,1000,N/A,N/A,7/16/2014,Shell,-
M16-16-141,119,1008,1000,N/A,N/A,7/16/2014,Shell,-
M16-16-141,119,1008,1000,N/A,N/A,7/16/2014,Tooth,-
M16-16-141,119,1008,1000,N/A,N/A,7/16/2014,Tooth,-
M16-16-141,119,1008,1000,N/A,N/A,7/16/2014,Shell,-
M16-16-143,120,1008,1000,N/A,N/A,7/16/2014,Bone,-
M16-16-143,120,1008,1000,N/A,N/A,7/16//14,Bone,-
M16-16-145,120,1008,1000,N/A,N/A,7/16/2014,Bone,-
M16-16-145,120,1008,1000,N/A,N/A,7/16/2014,Bone,-
M16-16-146,120,1008,1000,N/A,N/A,7/16/2014,Teeth,-
M16-16-146,120,1008,1000,N/A,N/A,7/16/2014,Bone,-
M16-16-146,120,1008,1000,N/A,N/A,7/16/2014,Shell,-
M16-16-146,120,1008,1000,N/A,N/A,7/16/2014,Snail Shell,-
M16-16-146,120,1008,1000,N/A,N/A,7/16/2014,Teeth,-
M16-16-146,120,1008,1000,N/A,N/A,7/16/2014,Shell,-
M16-16-146,120,1008,1000,N/A,N/A,7/16/2014,Snail Shell,-
M16-16-146,120,1008,1000,N/A,N/A,7/16/2014,Bone,-
M16-16-147,121,1008,1000,N/A,N/A,7/16/2014,Bone,-
M16-16-147,121,1008,1000,N/A,N/A,7/16/2014,Bone,-
M16-16-15,93,1008,1000,N/A,N/A,6/11/2014,Bone,-
M16-16-15,93,1008,1000,N/A,N/A,6/11/2014,Bone,-
M16-16-151,121,1008,1000,N/A,N/A,7/17/2014,Bone,
M16-16-152,121,1008,1000,N/A,N/A,7/17/2014,Bone,-
M16-16-152,121,1008,1000,N/A,N/A,7/17/2014,Shell,-
M16-16-152,121,1008,1000,N/A,N/A,7/17/2014,Shell,-
M16-16-152,121,1008,1000,N/A,N/A,7/17/2014,Bone,-
M16-16-163,123,1008,1000,N/A,N/A,7/17/2014,Bone,-
M16-16-163,123,1008,1000,N/A,N/A,7/17/2014,Bone,-
M16-16-155,122,1008,1000,N/A,N/A,7/17/2014,Shell,-
M16-16-155,122,1008,1000,N/A,N/A,7/17/2014,Bone,-
M16-16-155,122,1008,1000,N/A,N/A,7/17/2014,Bone,-
M16-16-155,122,1008,1000,N/A,N/A,7/17/2014,Shell,-
M16-16-156,122,1008,1000,N/A,N/A,7/1/7/14,Bone,-
M16-16-157,122,1008,1000,N/A,N/A,7/17/2014,Shell,-
M16-16-157,122,1008,1000,N/A,N/A,7/17/2014,Bone,-
M16-16-157,122,1008,1000,N/A,N/A,7/17/2014,Shell,-
M16-16-159,123,1008,1000,N/A,N/A,7/17/2014,Bone,-
M16-16-159,123,1008,1000,N/A,N/A,7/17/2014,Bone,-
M16-16-163,123,1008,1000,N/A,N/A,7/17/2014,Bone,
M16-16-167,124,1008,1000,N/A,N/A,7/17/2014,Bone,-
M16-16-167,124,1008,1000,N/A,N/A,7/17/2014,Bone,-
M16-16-169,124,1008,1000,N/A,N/A,7/17/2014,Bone,-
M16-16-169,124,1008,1000,N/A,N/A,7/17/2014,Snail Shell,-
M16-16-169,124,1008,1000,N/A,N/A,7/17/2014,Bone,-
M16-16-169,124,1008,1000,N/A,N/A,7/17/2014,Snail Shell,-
M16-16-17,94,1008,1000,N/A,N/A,6/11/2014,Bone/Shell/Tooth,Bag 2 of 2
M16-16-17,94,1008,1000,N/A,N/A,6/11/2014,Bone/shell/tooth,Bag 2 of 2
M16-16-170,124,1008,1000,N/A,N/A,7/17/2014,Bone,
M16-16-172,125,1008,1000,N/A,N/A,7/18/2014,Bone,
M16-16-175,125,1008,1000,N/A,N/A,7/18/2014,Bone,-
M16-16-175,125,1008,1000,N/A,N/A,7/18/2014,Bone,-
M16-16-18,94,1008,1000,N/A,N/A,6/11/2014,Bone,-
M16-16-19,94,1008,1000,N/A,N/A,6/11/2014,Bone,-
M16-16-19,94,1008,1000,N/A,N/A,6/11/2014,Bone,-
M16-16-2,88-90,1008,1000,N/A,N/A,6/10/2014,Bone,
M16-16-20,94,1008,1000,N/A,N/A,6/11/2014,Bone/Shell,
M16-16-21,95,1008,1000,N/A,N/A,6/11/2014,Bone,Bag 1 of 2
M16-16-21,95,1008,1000,N/A,N/A,6/11/2014,Bone,Bag 1 of 2
M16-16-22,95,1008,1000,N/A,N/A,6/11/2014,Bone,-
M16-16-23,95,1008,1000,N/A,N/A,6/11/2014,Bone,
M16-16-24,95,1008,1000,N/A,N/A,6/11/2014,Shell,
M16-16-25,96,1008,1000,N/A,N/A,6/12/2014,Bone,-
M16-16-25,96,1008,1000,N/A,N/A,6/12/2014,Bone,-
M16-16-27,96,1008,1000,N/A,N/A,6/12/2014,Bone,-
M16-16-27,96,1008,1000,N/A,N/A,6/12/2014,Bone,-
M16-16-29,97,1008,1000,N/A,N/A,6/12/2014,Bone,
M16-16-3,91,1008,1000,N/A,N/A,6/10/2014,Bone,-
M16-16-3,91,1008,1000,N/A,N/A,6/10/2014,Bone,-
M16-16-31,97,1008,1000,N/A,N/A,6/12/2014,Bone,
M16-16-32,97,1008,1000,N/A,N/A,6/12/2014,Bone/Shell,
M16-16-34,98,1008,1000,N/A,N/A,6/12/2014,Bone,
M16-16-38,99,1008,1000,N/A,N/A,6/13/2014,Shell,
M16-16-41,99,1008,1000,N/A,N/A,6/13/2014,Tooth,
M16-16-42,99,1008,1000,N/A,N/A,6/13/2014,Bone,
M16-16-44,100,1008,1000,N/A,N/A,6/13/2014,Bone,
M16-16-45,100,1008,1000,N/A,N/A,6/13/2014,Shell,
M16-16-47,100,1008,1000,N/A,N/A,6/13/2014,Shell,-
M16-16-47,100,1008,1000,N/A,N/A,6/13/2014,Shell,-
M16-16-48,101,1008,1000,N/A,N/A,6/13/2014,Shell,
M16-16-5,91,1008,1000,N/A,N/A,6/10/2014,Bone,
M16-16-50,101,1008,1000,N/A,N/A,6/13/2014,Shell,
M16-16-57,102,1008,1000,N/A,N/A,6/13/2014,Teeth,
M16-16-58,103,1008,1000,N/A,N/A,6/17/2014,Bone,-
M16-16-58,103,1008,1000,N/A,N/A,6/17/2014,Bone,-
M16-16-59,103,1008,1000,N/A,N/A,6/17/2014,Bone,
M16-16-6,92,1008,1000,N/A,N/A,6/11/2014,Bone,
M16-16-61,103,1008,1000,N/A,N/A,6/17/2014,Shell,
M16-16-62,104,1008,1000,N/A,N/A,6/17/2014,Shell,-
M16-16-62,104,1008,1000,N/A,N/A,6/17/2014,Bone,-
M16-16-62,104,1008,1000,N/A,N/A,6/17/2014,Teeth,-
M16-16-62,104,1008,1000,N/A,N/A,6/17/2014,Snail Shell,-
M16-16-62,104,1008,1000,N/A,N/A,6/17/2014,Snail Shell,-
M16-16-62,104,1008,1000,N/A,N/A,6/17/2014,Shell,-
M16-16-62,104,1008,1000,N/A,N/A,6/17/2014,Bone,-
M16-16-62,104,1008,1000,N/A,N/A,6/17/2014,Teeth,-
M16-16-64,104,1008,1000,N/A,N/A,6/17/2014,Bone,-
M16-16-64,104,1008,1000,N/A,N/A,6/17/2014,Shell,-
M16-16-64,104,1008,1000,N/A,N/A,6/17/2014,Shell,-
M16-16-64,104,1008,1000,N/A,N/A,6/17/2014,Bone,-
M16-16-67,104,1008,1000,N/A,N/A,6/17/2014,Bone,-
M16-16-7,92,1008,1000,N/A,N/A,6/11/2014,Bone,-
M16-16-7,92,1008,1000,N/A,N/A,6/11/2014,Bone,-
M16-16-71,105,1008,1000,N/A,N/A,6/18/2014,Shell,-
M16-16-71,105,1008,1000,N/A,N/A,6/18/2014,Teeth,-
M16-16-71,105,1008,1000,N/A,N/A,6/18/2014,Teeth,-
M16-16-71,105,1008,1000,N/A,N/A,6/18/2014,Shell,-
M16-16-72,105,1008,1000,N/A,N/A,6/18/2014,Shell,
M16-16-73,106,1008,1000,N/A,N/A,6/19/2014,Bone,Bag 1 of 2
M16-16-74,106,1008,1000,N/A,N/A,6/18/2014,Shell,
M16-16-75,106,1008,1000,N/A,N/A,6/18/2014,Shell,
M16-16-76,106,1008,1000,N/A,N/A,6/18/2014,Bone,
M16-16-77,107,1008,1000,N/A,N/A,6/30/2014,Bone,
M16-16-78,107,1008,1000,N/A,N/A,6/30/2014,Bone,-
M16-16-78,107,1008,1000,N/A,N/A,6/30/2014,Bone,-
M16-16-8,92,1008,1000,N/A,N/A,6/11/2014,Bone,
M16-16-80,107,1008,1000,N/A,N/A,6/30/2014,-,
M16-16-81,107,1008,1000,N/A,N/A,6/30/2014,Shell,-
M16-16-81,107,1008,1000,N/A,N/A,6/30/2014,Shell,-
M16-16-82,108,1008,1000,N/A,N/A,6/30/2014,Bone,-
M16-16-82,108,1008,1000,N/A,N/A,6/30/2014,Tooth,-
M16-16-82,108,1008,1000,N/A,N/A,6/30/2014,Tooth,-
M16-16-82,108,1008,1000,N/A,N/A,6/30/2014,Bone,-
M16-16-83,108,1008,1000,N/A,N/A,6/30/2014,Bone,
M16-16-85,108,1008,1000,N/A,N/A,6/30/2014,Shell,
M16-16-85,108,1008,1000,N/A,N/A,6/30/2014,Bone,
M16-16-86,108,1008,1000,N/A,N/A,6/30/2014,Shell,
M16-16-87,109,1008,1000,N/A,N/A,6/30/2014,Snail Shell,-
M16-16-87,109,1008,1000,N/A,N/A,6/30/2014,Shell,-
M16-16-87,109,1008,1000,N/A,N/A,6/30/2014,Bone,-
M16-16-87,109,1008,1000,N/A,N/A,6/30/2014,Shell,-
M16-16-87,109,1008,1000,N/A,N/A,6/30/2014,Bone,-
M16-16-87,109,1008,1000,N/A,N/A,6/30/2014,Snail Shell,-
M16-16-88,109,1008,1000,N/A,N/A,6/30/2014,Bone,
M16-16-9,92,1008,1000,N/A,N/A,6/11/2014,Bone,-
M16-16-9,92,1008,1000,N/A,N/A,6/11/2014,Bone,-
M16-16-91,109,1008,1000,N/A,N/A,6/30/2014,Snail Shell,-
M16-16-91,109,1008,1000,N/A,N/A,6/30/2014,Shell,-
M16-16-91,109,1008,1000,N/A,N/A,6/30/2014,Teeth,-
M16-16-91,109,1008,1000,N/A,N/A,6/30/2014,Snail Shell,-
M16-16-91,109,1008,1000,N/A,N/A,6/30/2014,Shell,-
M16-16-91,109,1008,1000,N/A,N/A,6/30/2014,Teeth,-
M16-16-92,109,1008,1000,N/A,N/A,6/30/2014,Bone,
M16-16-93,110,1008,1000,N/A,N/A,6/30/2014,Bone,
M16-16-94,110,1008,1000,N/A,N/A,7/1/2014,Shell,-
M16-16-94,110,1008,1000,N/A,N/A,7/1/2014,Shell,-
M16-16-95,110,1008,1000,N/A,N/A,7/1/2014,Bone,-
M16-16-95,110,1008,1000,N/A,N/A,7/1/2014,Snail Shell,-
M16-16-95,110,1008,1000,N/A,N/A,7/1/2014,Tooth,-
M16-16-95,110,1008,1000,N/A,N/A,7/1/2014,Shell,-
M16-16-95,110,1008,1000,N/A,N/A,7/1/2014,Tooth,-
M16-16-95,110,1008,1000,N/A,N/A,7/1/2014,Snail Shell,-
M16-16-96,110,1008,1000,N/A,N/A,7/1/2014,Tooth,
M16-16-97,111,1008,1000,N/A,N/A,7/1/2014,Bone,-
M16-16-97,111,1008,1000,N/A,N/A,7/1/2014,Teeth,-
M16-16-97,111,1008,1000,N/A,N/A,7/1/2014,Teeth,-
M16-16-97,111,1008,1000,N/A,N/A,7/1/2014,Bone,-
M16-16-98,111,1008,1000,N/A,N/A,7/1/2014,Bone,-
M16-16-98,111,1008,1000,N/A,N/A,7/1/2014,Bone,-
M16-17-1,84-89,1008,1001,N/A,N/A,6/4/2014,Bone,-
M16-17-1,84-89,1008,1001,N/A,N/A,6/4/2014,Tooth,-
M16-17-1,N/A,1008,1001,N/A,N/A,6/4/2014,Snail Shell,-
M16-17-1,N/A,1008,1001,N/A,N/A,6/4/2014,Shell,-
M16-17-10,91,1008,1001,N/A,N/A,6/10/2014,Bone,-
M16-17-10,91,1008,1001,N/A,N/A,6/10/2014,Shell,-
M16-17-10,91,1008,1001,N/A,N/A,6/10/2014,Teeth,-
M16-17-10,91,1008,1001,N/A,N/A,6/10/2014,Snail Shell,-
M16-17-100,110,1008,1001,N/A,N/A,7/18/2014,Bone,-
M16-17-100,110,1008,1001,N/A,N/A,7/18/2014,Snail Shell,-
M16-17-100,110,1008,1001,N/A,N/A,7/18/2014,Shell,-
M16-17-100,110,1008,1001,N/A,N/A,7/18/2014,Teeth,-
M16-17-103,110,1008,1001,N/A,N/A,7/18/2014,Bone,-
M16-17-103,110,1008,1001,N/A,N/A,7/18/2014,Shell,-
M16-17-103,110,1008,1001,N/A,N/A,7/18/2014,Snail Shell,-
M16-17-104,110,1008,1001,N/A,N/A,7/18/2014,Bone,Bag 3 of 3
M16-17-105,110,1008,1001,N/A,N/A,7/18/2014,Bone,-
M16-17-105,110,1008,1001,N/A,N/A,7/18/2014,Snail Shell,-
M16-17-105,110,1008,1001,N/A,N/A,7/18/2014,Shell,-
M16-17-106,111,1008,1001,N/A,N/A,7/18/2014,Shell,-
M16-17-106,111,1008,1001,N/A,N/A,7/18/2014,Bone,-
M16-17-107,111,1008,1001,N/A,N/A,7/18/2014,Bone,-
M16-17-107,111,1008,1001,N/A,N/A,7/18/2014,Shell,-
M16-17-108,111,1008,1001,N/A,N/A,7/18/2014,Bone,-
M16-17-108,111,1008,1001,N/A,N/A,7/18/2014,Shell,-
M16-17-108,111,1008,1001,N/A,N/A,7/18/2014,Snail Shell,-
M16-17-108,111,1008,1001,N/A,N/A,7/18/2014,Teeth,-
M16-17-109,111,1008,1001,N/A,N/A,7/18/2014,Snail Shell,-
M16-17-109,111,1008,1001,N/A,N/A,7/18/2014,Bone,-
M16-17-109,111,1008,1001,N/A,N/A,7/18/2014,Shell,-
M16-17-11,91,1008,1001,N/A,N/A,6/10/2014,Bone,-
M16-17-11,91,1008,1001,N/A,N/A,6/10/2014,Shell,-
M16-17-11,91,1008,1001,N/A,N/A,6/10/2014,Snail Shell,-
M16-17-11,91,1008,1001,N/A,N/A,6/10/2014,Teeth,-
M16-17-110,112,1008,1001,N/A,N/A,7/18/2014,Bone,-
M16-17-110,112,1008,1001,N/A,N/A,7/18/2014,Shell,-
M16-17-110,112,1008,1001,N/A,N/A,7/18/2014,Tooth,-
M16-17-110,112,1008,1001,N/A,N/A,7/18/2014,Snail Shell,-
M16-17-111,112,1008,1001,N/A,N/A,7/18/2014,Shell,-
M16-17-111,112,1008,1001,N/A,N/A,7/18/2014,Snail Shell,-
M16-17-111,112,1008,1001,N/A,N/A,7/18/2014,Bone,-
M16-17-112,112,1008,1001,N/A,N/A,7/18/2014,Bone,-
M16-17-112,112,1008,1001,N/A,N/A,7/18/2014,Shell,-
M16-17-112,112,1008,1001,N/A,N/A,7/18/2014,Snail Shell,-
M16-17-113,112,1008,1001,N/A,N/A,7/18/2014,Snail Shell,-
M16-17-113,112,1008,1001,N/A,N/A,7/18/2014,Shell,-
M16-17-113,112,1008,1001,N/A,N/A,7/18/2014,Bone,-
M16-17-114,113,1008,1001,N/A,N/A,7/18/2014,Bone,Bag 1 of 2
M16-17-114,113,1008,1001,N/A,N/A,7/18/2014,Shell,Bag 1 of 2
M16-17-114,113,1008,1001,N/A,N/A,7/18/2014,Snail Shell,Bag 1 of 2
M16-17-115,113,1008,1001,N/A,N/A,7/18/2014,Bone,-
M16-17-115,113,1008,1001,N/A,N/A,7/18/2014,Snail Shell,-
M16-17-115,113,1008,1001,N/A,N/A,7/18/2014,Shell,-
M16-17-116,113,1008,1001,N/A,N/A,7/21/2014,Bone,-
M16-17-116,113,1008,1001,N/A,N/A,7/21/2014,Shell,-
M16-17-116,113,1008,1001,N/A,N/A,7/21/2014,Snail Shell,-
M16-17-117,113,1008,1001,N/A,N/A,7/21/2014,Bone,-
M16-17-117,113,1008,1001,N/A,N/A,7/21/2014,Shell,-
M16-17-117,113,1008,1001,N/A,N/A,7/21/2014,Snail Shell,-
M16-17-119,114,1008,1001,N/A,N/A,7/21/2014,Snail Shell,-
M16-17-119,114,1008,1001,N/A,N/A,7/21/2014,Shell,-
M16-17-119,114,1008,1001,N/A,N/A,7/21/2014,Teeth,-
M16-17-119,114,1008,1001,N/A,N/A,7/21/2014,Bone,-
M16-17-12,91,1008,1001,N/A,N/A,6/10/2014,Teeth,-
M16-17-12,91,1008,1001,N/A,N/A,6/10/2014,Shell,-
M16-17-12,91,1008,1001,N/A,N/A,6/10/2014,Snail Shell,-
M16-17-120,91,1008,1001,N/A,N/A,6/10/2014,Bone,-
M16-17-120,114,1008,1001,N/A,N/A,7/21/2014,Bone,-
M16-17-120,114,1008,1001,N/A,N/A,7/21/2014,Teeth,-
M16-17-120,114,1008,1001,N/A,N/A,7/21/2014,Snail Shell,-
M16-17-120,114,1008,1001,N/A,N/A,7/21/2014,Shell,-
M16-17-121,114,1008,1001,N/A,N/A,7/21/2014,Shell,-
M16-17-121,114,1008,1001,N/A,N/A,7/21/2014,Bone,-
M16-17-121,114,1008,1001,N/A,N/A,7/21/2014,Tooth,-
M16-17-121,114,1008,1001,N/A,N/A,7/21/2014,Snail Shell,-
M16-17-122,114,1008,1001,N/A,N/A,7/21/2014,Bone,-
M16-17-122,114,1008,1001,N/A,N/A,7/21/2014,Snail Shell,-
M16-17-122,114,1008,1001,N/A,N/A,7/21/2014,Shell,-
M16-17-123,115,1008,1001,N/A,N/A,7/21/2014,Snail Shell,-
M16-17-123,115,1008,1001,N/A,N/A,7/21/2014,Shell,-
M16-17-123,115,1008,1001,N/A,N/A,7/21/2014,Bone,-
M16-17-124,115,1008,1001,N/A,N/A,7/21/2014,Shell,-
M16-17-124,115,1008,1001,N/A,N/A,7/21/2014,Snail Shell,-
M16-17-124,115,1008,1001,N/A,N/A,7/21/2014,Bone,-
M16-17-125,115,1008,1001,N/A,N/A,7/18/2014,Shell,-
M16-17-125,115,1008,1001,N/A,N/A,7/18/2014,Bone,-
M16-17-125,115,1008,1001,N/A,N/A,7/18/2014,Snail Shell,-
M16-17-126,115,1008,1001,N/A,N/A,7/21/2014,Teeth,-
M16-17-126,115,1008,1001,N/A,N/A,7/21/2014,Shell,-
M16-17-126,115,1008,1001,N/A,N/A,7/21/2014,Bone,-
M16-17-127,116,1008,1001,N/A,N/A,7/21/2014,Shell,-
M16-17-127,116,1008,1001,N/A,N/A,7/21/2014,Bone,-
M16-17-128,116,1008,1001,N/A,N/A,7/21/2014,Snail Shell,-
M16-17-128,116,1008,1001,N/A,N/A,7/21/2014,Shell,-
M16-17-128,116,1008,1001,N/A,N/A,7/21/2014,Bone,-
M16-17-129,116,1008,1001,N/A,N/A,7/21/2014,Snail Shell,-
M16-17-129,116,1008,1001,N/A,N/A,7/21/2014,Bone,-
M16-17-129,116,1008,1001,N/A,N/A,7/21/2014,Shell,-
M16-17-13,92,1008,1001,N/A,N/A,6/10/2014,Teeth,-
M16-17-13,92,1008,1001,N/A,N/A,6/10/2014,Shell,Bag 1 of 2
M16-17-13,92,1008,1001,N/A,N/A,6/10/2014,Snail Shell,Bag 1 of 2
M16-17-13,92,1008,1001,N/A,N/A,6/10/2014,Bone,Bag 1 of 2
M16-17-130,116,1008,1001,N/A,N/A,7/21/2014,Bone,-
M16-17-130,116,1008,1001,N/A,N/A,7/21/2014,Snail Shell,-
M16-17-130,116,1008,1001,N/A,N/A,7/21/2014,Shell,-
M16-17-131,117,1008,1001,N/A,N/A,7/21/2014,Bone,-
M16-17-132,117,1008,1001,N/A,N/A,7/21/2014,Snail Shell,-
M16-17-132,117,1008,1001,N/A,N/A,7/21/2014,Shell,-
M16-17-132,117,1008,1001,N/A,N/A,7/21/2014,Bone,-
M16-17-133,117,1008,1001,N/A,N/A,7/21/2014,Bone,-
M16-17-133,117,1008,1001,N/A,N/A,7/21/2014,Shell,-
M16-17-133,117,1008,1001,N/A,N/A,7/21/2014,Snail Shell,-
M16-17-134,117,1008,1001,N/A,N/A,7/21/2014,Bone,-
M16-17-134,117,1008,1001,N/A,N/A,7/21/2014,Shell,-
M16-17-135,118,1008,1001,N/A,N/A,7/21/2014,Bone,-
M16-17-135,118,1008,1001,N/A,N/A,7/21/2014,Snail Shell,-
M16-17-135,118,1008,1001,N/A,N/A,7/21/2014,Shell,-
M16-17-136,118,1008,1001,N/A,N/A,7/21/2014,Bone,-
M16-17-136,118,1008,1001,N/A,N/A,7/21/2014,Snail,-
M16-17-136,118,1008,1001,N/A,N/A,7/21/2014,Teeth,-
M16-17-138,118,1008,1001,N/A,N/A,7/21/2014,Shell,-
M16-17-138,118,1008,1001,N/A,N/A,7/21/2014,Bone,-
M16-17-139,118,1008,1001,N/A,N/A,7/21/2014,Snail Shell,Bag 1 of 2
M16-17-139,118,1008,1001,N/A,N/A,7/21/2014,Shell,-
M16-17-139,118,1008,1001,N/A,N/A,7/21/2014,Bone,Bag 1 of 2
M16-17-14,92,1008,1001,N/A,N/A,6/10/2014,Shell,-
M16-17-14,92,1008,1001,N/A,N/A,6/10/2014,Snail Shell,-
M16-17-14,92,1008,1001,N/A,N/A,6/10/2014,Bone,-
M16-17-140,119,1008,1001,N/A,N/A,7/21/2014,Bone,-
M16-17-141,119,1008,1001,N/A,N/A,7/21/2014,Shell,-
M16-17-141,119,1008,1001,N/A,N/A,7/21/2014,Bone,-
M16-17-142,119,1008,1001,N/A,N/A,7/21/2014,Bone,-
M16-17-143,119,1008,1000,N/A,N/A,7/21/2014,Bone,-
M16-17-144,120,1008,1001,N/A,N/A,7/22/2014,Bone,-
M16-17-145,120,1008,1001,N/A,N/A,7/22/2014,Bone,-
M16-17-146,120,1008,1001,N/A,N/A,7/22/2014,Bone,-
M16-17-147,120,1008,1001,N/A,N/A,7/22/2014,Bone,-
M16-17-148,121,1008,1001,N/A,N/A,7/22/2014,Bone,-
M16-17-148,121,1008,1001,N/A,N/A,7/22/2014,Shell,-
M16-17-149,121,1008,1001,N/A,N/A,7/22/2014,Bone,-
M16-17-15,92,1008,1001,N/A,N/A,6/10/2014,Bone,-
M16-17-15,92,1008,1001,N/A,N/A,6/10/2014,Shell,-
M16-17-15,92,1008,1001,N/A,N/A,6/10/2014,Snail Shell,-
M16-17-15,92,1008,1001,N/A,N/A,6/10/2014,Teeth,-
M16-17-152,121,1008,1001,N/A,N/A,7/22/2014,Bone,-
M16-17-16,92,1008,1001,N/A,N/A,6/10/2014,Teeth,-
M16-17-16,92,1008,1001,N/A,N/A,6/10/2014,Snail Shell,-
M16-17-160,122,1008,1001,N/A,N/A,7/22/2014,Shell,-
M16-17-160,122,1008,1001,N/A,N/A,7/22/2014,Bone,-
M16-17-161,122,1008,1001,N/A,N/A,7/22/2014,Bone,-
M16-17-162,122,1008,1001,N/A,N/A,7/22/2014,Shell,-
M16-17-162,122,1008,1001,N/A,N/A,7/22/2014,Bone,-
M16-17-162,122,1008,1001,N/A,N/A,7/22/2014,Snail Shell,-
M16-17-165,122,1008,1001,N/A,N/A,7/22/2014,Bone,-
M16-17-166,123,1008,1001,N/A,N/A,7/22/2014,Bone,-
M16-17-167,123,1008,1001,N/A,N/A,7/22/2014,Bone,-
M16-17-168,123,1008,1001,N/A,N/A,7/22/2014,Bone,-
M16-17-168,123,1008,1001,N/A,N/A,7/22/2014,Tooth,-
M16-17-171,124,1008,1001,N/A,N/A,7/22/2014,Bone,-
M16-17-172,123,1008,1001,N/A,N/A,N/A,Bone,-
M16-17-175,124,1008,1001,N/A,N/A,7/22/2014,Bone,-
M16-17-176,125,1008,1001,N/A,N/A,7/22/2014,Bone,-
M16-17-177,125,1008,1001,N/A,N/A,7/22/2014,Bone/shell,-
M16-17-179,125,1008,1001,N/A,N/A,7/22/2014,Bone,-
M16-17-2,84-89,1008,1001,N/A,N/A,6/4/2014,Bone,-
M16-17-3,84-89,1008,1001,N/A,N/A,6/4/2014,Bone,-
M16-17-38,97,1008,1001,N/A,N/A,6/18/2014,Bone,-
M16-17-38,97,1008,1001,N/A,N/A,6/18/2014,Snail Shell,-
M16-17-38,97,1008,1001,N/A,N/A,6/18/2014,Shell,-
M16-17-38,97,1008,1001,N/A,N/A,6/18/2014,Tooth,-
M16-17-39,97,1008,1001,N/A,N/A,6/18/2014,Bone,-
M16-17-39,97,1008,1001,N/A,N/A,6/18/2014,Shell,-
M16-17-4,84-89,1008,1001,N/A,N/A,6/4/2014,Bone,-
M16-17-41,84-89,1008,1001,N/A,N/A,6/4/2014,Shell,-
M16-17-41,84-89,1008,1001,N/A,N/A,6/4/2014,Snail Shell,-
M16-17-43,98,1008,1001,N/A,N/A,6/27/2014,Bone,-
M16-17-43,98,1008,1001,N/A,N/A,6/27/2014,Shell,-
M16-17-45,98,1008,1001,N/A,N/A,6/27/2014,Bone,-
M16-17-45,98,1008,1001,N/A,N/A,6/27/2014,Shell,-
M16-17-47,99,1008,1001,N/A,N/A,6/27/2014,Bone,-
M16-17-47,99,1008,1001,N/A,N/A,6/27/2014,Shell,-
M16-17-48,99,1008,996,N/A,N/A,6/27/2014,Bone,-
M16-17-48,99,1008,996,N/A,N/A,6/27/2014,Shell,-
M16-17-48,99,1008,996,N/A,N/A,6/27/2014,Teeth,-
M16-17-5,90,1008,1001,N/A,N/A,6/4/2014,Bone,-
M16-17-5,90,1008,1001,N/A,N/A,6/4/2014,Shell,-
M16-17-50,99,1008,1001,N/A,N/A,6/27/2014,Bone,-
M16-17-50,99,1008,1001,N/A,N/A,6/27//14,Snail Shell,-
M16-17-50,99,1008,1001,N/A,N/A,6/27/2014,Shell,-
M16-17-50,99,1008,1001,N/A,N/A,6/27/2014,Teeth,-
M16-17-52,100,1008,1001,N/A,N/A,7/2/2014,Bone,-
M16-17-52,100,1008,1001,N/A,N/A,7/2/2014,Shell,-
M16-17-53,100,1008,1001,N/A,N/A,7/2/2014,Bone,-
M16-17-54,100,1008,1001,N/A,N/A,7/2/2014,Shell,-
M16-17-54,100,1008,1001,N/A,N/A,7/2/2014,Tooth,-
M16-17-55,100,1008,1000,N/A,N/A,7/2/2014,Bone,-
M16-17-55,100,1008,1000,N/A,N/A,7/2/2014,Shell,-
M16-17-57,101,1008,1001,N/A,N/A,7/2/2014,Bone,-
M16-17-57,101,1008,1001,N/A,N/A,7/2/2014,Snail Shell,-
M16-17-57,101,1008,1001,N/A,N/A,7/2/2014,Shell,-
M16-17-58,101,1008,1001,N/A,N/A,7/2/2014,Bone,-
M16-17-58,101,1008,1001,N/A,N/A,7/2/2014,Shell,-
M16-17-59,101,1008,1001,N/A,N/A,7/21/2014,Bone,-
M16-17-59,107,1008,1001,N/A,N/A,7/21/2014,Shell,-
M16-17-6,90,1008,1001,N/A,N/A,6/4/2014,Shell,-
M16-17-6,90,1008,1001,N/A,N/A,6/4/2014,Bone,-
M16-17-60,101,1008,1001,N/A,N/A,7/2/2014,Tooth,-
M16-17-60,101,1008,1001,N/A,N/A,7/2/2014,Snail Shell,-
M16-17-60,101,1008,1001,N/A,N/A,7/2/2014,Bone,-
M16-17-60,101,1008,1001,N/A,N/A,7/2/2014,Shell,-
M16-17-61,102,1008,1001,N/A,N/A,7/16/2014,Teeth,-
M16-17-61,102,1008,1001,N/A,N/A,7/16/2014,Snail Shell,-
M16-17-61,102,1008,1001,N/A,N/A,7/16/2014,Shell,-
M16-17-61,102,1008,1001,N/A,N/A,7/16/2014,Bone,-
M16-17-62,102,1008,1001,N/A,N/A,7/16/2014,Snail Shell,-
M16-17-62,102,1008,1000,N/A,N/A,7/16/2014,Bone,-
M16-17-62,102,1008,1000,N/A,N/A,7/16/2014,Tooth,-
M16-17-62,102,1008,1000,N/A,N/A,7/16/2014,Shell,-
M16-17-63,102,1008,1001,N/A,N/A,7/16/2014,Bone,-
M16-17-63,102,1008,1001,N/A,N/A,7/16/2014,Antler,-
M16-17-63,102,1008,1001,N/A,N/A,7/16/2014,Shell,-
M16-17-63,102,1008,1001,N/A,N/A,7/16/2014,Snail Shell,-
M16-17-64,102,1008,1001,N/A,N/A,7/16/2015,Snail Shell,Bag 1 of 2
M16-17-64,102,1008,1001,N/A,N/A,7/16/2014,Shell,Bag 1 of 2
M16-17-64,102,1008,1001,N/A,N/A,7/16/2014,Tooth,Bag 1 of 2
M16-17-64,102,1008,1001,N/A,N/A,7/16/2014,Bone,Bag 1 of 2
M16-17-65,103,1008,1001,N/A,N/A,7/16/2014,Bone,-
M16-17-65,103,1008,1001,N/A,N/A,7/16/2014,Tooth,-
M16-17-65,103,1008,1001,N/A,N/A,7/16/2014,Shell,-
M16-17-66,103,1008,1001,N/A,N/A,7/17/2014,Bone,-
M16-17-66,103,1008,1001,N/A,N/A,7/17/2014,Teeth,-
M16-17-67,103,1008,1001,N/A,N/A,7/17/2014,Bone,-
M16-17-67,103,1008,1001,N/A,N/A,7/17/2014,Snail Shell,-
M16-17-67,103,1008,1001,N/A,N/A,7/17/2014,Teeth,-
M16-17-68,103,1008,1001,N/A,N/A,7/17/2014,Bone,-
M16-17-68,103,1008,1001,N/A,N/A,7/17/2014,Shell,-
M16-17-69,104,1008,1001,N/A,N/A,7/17/2014,Bone,-
M16-17-69,104,1008,1001,N/A,N/A,7/17/2014,Tooth,-
M16-17-7,90,1008,1001,N/A,N/A,6/6/2014,Bone,-
M16-17-7,90,1008,1001,N/A,N/A,6/6/2014,Shell,-
M16-17-70,104,1008,1001,N/A,N/A,7/17/2014,Bone,-
M16-17-70,104,1008,1001,N/A,N/A,7/17/2014,Shell,-
M16-17-70,104,1008,1001,N/A,N/A,7/17/2014,Teeth,-
M16-17-72,104,1008,1001,N/A,N/A,7/17/2014,Snail Shell,-
M16-17-72,104,1008,1001,N/A,N/A,7/17/2014,Bone,-
M16-17-72,104,1008,1001,N/A,N/A,7/17/2014,Shell,-
M16-17-73,104,1008,1001,N/A,N/A,7/17/2014,Teeth,-
M16-17-73,104,1008,1001,N/A,N/A,7/17/2014,Bone,-
M16-17-73,104,1008,1001,N/A,N/A,7/17/2014,Shell,-
M16-17-73,104,1008,1001,N/A,N/A,7/17/2014,Snail Shell,-
M16-17-74,105,1008,1001,N/A,N/A,7/17/2014,Bone,-
M16-17-75,105,1008,1001,N/A,N/A,7/17/2014,Bone,-
M16-17-75,105,1008,1001,N/A,N/A,7/17/2014,Tooth,-
M16-17-75,105,1008,1001,N/A,N/A,7/17/2014,Shell,-
M16-17-76,105,1008,1001,N/A,N/A,7/17/2014,Bone,-
M16-17-76,105,1008,1001,N/A,N/A,7/17/2014,Shell,Bag 1 of 2
M16-17-76,105,1008,1001,N/A,N/A,7/17/2014,Snail Shell,Bag 1 of 2
M16-17-76,105,1008,1001,N/A,N/A,7/17/2014,Teeth,Bag 1 of 2
M16-17-78,105,1008,1001,N/A,N/A,7/17/2014,Shell,-
M16-17-78,105,1008,1001,N/A,N/A,7/17/2014,Bone,-
M16-17-78,105,1008,1001,N/A,N/A,7/17/2014,Tooth,-
M16-17-79,105,1008,1001,N/A,N/A,7/17/2014,Bone,-
M16-17-79,105,1008,1001,N/A,N/A,7/17/2014,Teeth,-
M16-17-79,105,1008,1001,N/A,N/A,7/17/2014,Snail Shell,-
M16-17-79,105,1008,1001,N/A,N/A,7/17/2014,Shell,-
M16-17-8,90,1008,1001,N/A,N/A,6/6/2014,Shell,-
M16-17-81,106,1008,1001,N/A,N/A,7/17/2014,Shell,Bag 1 of 2
M16-17-81,106,1008,1001,N/A,N/A,7/17/2014,Bone,Bag 1 of 2
M16-17-82,106,1008,1001,N/A,N/A,7/17/2014,Bone,-
M16-17-82,106,1008,1001,N/A,N/A,7/17/2014,Shell,-
M16-17-83,106,1008,1001,N/A,N/A,7/17/2014,Bone,-
M16-17-83,106,1008,1001,N/A,N/A,7/17/2014,Antler,-
M16-17-83,106,1008,1001,N/A,N/A,7/17/2014,Tooth,-
M16-17-83,106,1008,1001,N/A,N/A,7/17/2014,Shell,-
M16-17-83,106,1008,1001,N/A,N/A,7/17/2014,Snail Shell,-
M16-17-84,107,1008,1001,N/A,N/A,7/18/2014,Bone,-
M16-17-84,107,1008,1001,N/A,N/A,7/18/2014,Shell,-
M16-17-86,107,1008,1001,N/A,N/A,7/18/2014,Bone,-
M16-17-87,90,1008,1001,N/A,N/A,6/6/2014,Bone,-
M16-17-87,107,1008,1001,N/A,N/A,7/18/2014,Bone,-
M16-17-87,107,1008,1001,N/A,N/A,7/18/2014,Tooth,-
M16-17-87,107,1008,1001,N/A,N/A,7/18/2014,Shell,-
M16-17-88,107,1008,1001,N/A,N/A,7/18/2014,Bone,-
M16-17-88,107,1008,1001,N/A,N/A,7/18/2014,Shell,-
M16-17-88,107,1008,1001,N/A,N/A,7/18/2014,Snail Shell,-
M16-17-88,107,1008,1001,N/A,N/A,7/18/2014,Antler,-
M16-17-88,107,1008,1001,N/A,N/A,7/18/2014,Teeth,-
M16-17-89,108,1008,1001,N/A,N/A,7/18/2014,Bone,-
M16-17-89,108,1008,1001,N/A,N/A,7/18/2014,Snail Shell,-
M16-17-89,108,1008,1001,N/A,N/A,7/18/2014,Shell,-
M16-17-9,91,1008,1001,N/A,N/A,6/10/2014,Shell,-
M16-17-9,91,1008,1001,N/A,N/A,6/10/2014,Tooth,-
M16-17-9,91,1008,1001,N/A,N/A,6/10/2014,Snail Shell,-
M16-17-9,91,1008,1001,N/A,N/A,6/10/2014,Bone,-
M16-17-90,108,1008,1001,N/A,N/A,7/18/2014,Shell,-
M16-17-90,108,1008,1001,N/A,N/A,7/18/2014,Snail Shell,-
M16-17-90,108,1008,1001,N/A,N/A,7/18/2014,Bone,-
M16-17-92,108,1008,1001,N/A,N/A,7/18/2014,Shell,-
M16-17-92,108,1008,1001,N/A,N/A,7/18/2014,Snail Shell,-
M16-17-92,108,1008,1001,N/A,N/A,7/18/2014,Bone,-
M16-17-93,108,1008,1001,N/A,N/A,7/18/2014,Teeth,Bag 1 of 2
M16-17-93,108,1008,1001,N/A,N/A,7/18/2014,Shell,Bag 1 of 2
M16-17-93,108,1008,1001,N/A,N/A,7/18/2014,Bone,Bag 1 of 2
M16-17-95,109,1008,1001,N/A,N/A,7/18/2014,Bone,-
M16-17-95,109,1008,1001,N/A,N/A,7/18/2014,Tooth,-
M16-17-95,109,1008,1001,N/A,N/A,7/18/2014,Snail Shell,-
M16-17-95,109,1008,1001,N/A,N/A,7/18/2014,Shell,-
M16-17-96,98,1008,1000,N/A,N/A,6/27/2014,Bone,-
M16-17-96,98,1008,1001,N/A,N/A,6/27/2014,Snail Shell,-
M16-17-96,98,1008,1001,N/A,N/A,6/27/2014,Shell,-
M16-17-96,109,1008,1001,N/A,N/A,7/18/2014,Bone,-
M16-17-96,109,1008,1001,N/A,N/A,7/18/2014,Shell,-
M16-17-96,109,1008,1001,N/A,N/A,7/18/2014,Snail Shell,-
M16-17-97,109,1008,1001,N/A,N/A,7/18/2014,Snail Shell,-
M16-17-97,109,1008,1001,N/A,N/A,7/18/2014,Teeth,-
M16-17-97,109,1008,1001,N/A,N/A,7/18/2014,Bone,-
M16-17-98,109,1008,1001,N/A,N/A,7/18/2014,Bone,-
M16-17-98,109,1008,1001,N/A,N/A,7/18/2014,Tooth,-
M16-17-98,109,1008,1001,N/A,N/A,7/18/2014,Snail Shell,-
M16-17-98,109,1008,1001,N/A,N/A,7/18/2014,Shell,-
M16-17-99,99,1008,1001,N/A,N/A,6/27/2014,Bone,-
M16-18-__,103,1008,N/A,N/A,N/A,6/8/2015,Bone/Shell,
M16-18-1,86,1008,1002,N/A,N/A,6/1/2015,Bone/Shell,
M16-18-122,97,1008,1002,N/A,N/A,6/4/2015,Bone/Shell,
M16-18-13,89,1008,1002,N/A,N/A,6/2/2015,Bone/Shell,
M16-18-145,102,1008,1002,N/A,N/A,6/8/2015,Bone/Teeth/Shell,
M16-18-146,102,1008,1002,N/A,N/A,6/18/2015,Bone/Shell,
M16-18-148,102,1008,1002,N/A,N/A,6/5/2015,Bone/Shell,
M16-18-15,90,1008,1002,N/A,N/A,3/2/2015,Bone/Shell,
M16-18-154,103,1008,1002,N/A,N/A,6/8/2015,Bone/Shell,
M16-18-155,103,1008,1002,N/A,N/A,6/8/2015,Bone/Shell,
M16-18-156,103,1008,1002,N/A,N/A,6/8/2015,Bone/Teeth/Shell,
M16-18-157,104,1008,1002,N/A,N/A,6/12/2015,Bone/Shell,
M16-18-158,104,1008,1002,N/A,N/A,6/8/2015,Bone/Teeth/Shell,
M16-18-159,104,1008,1002,N/A,N/A,6/8/2015,Bone/Shell,
M16-18-16,90,1008,1002,N/A,N/A,6/2/2015,Bone/Teeth/Shell,
M16-18-160,104,1008,1002,N/A,N/A,6/8/2015,Bone/Shell,
M16-18-163,105,1008,1002,N/A,N/A,6/8/2015,Bone/Teeth/Shell,
M16-18-164,105,1008,1002,N/A,N/A,6/8/2015,Bone/Shell,
M16-18-165,105,1008,1002,N/A,N/A,6/8/2015,Bone/Shell,
M16-18-166,105,1008,1002,N/A,N/A,6/8/2015,Bone/Shell,
M16-18-168,106,1008,1002,N/A,N/A,6/9/2015,Bone/Shell,
M16-18-169,106,1008,1002,N/A,N/A,6/9/2015,Bone ,
M16-18-170,106,1008,1002,N/A,N/A,6/9/2015,Bone/Shell,
M16-18-170,106,1008,1002,N/A,N/A,6/9/2015,Point ,
M16-18-171,106,1008,1002,N/A,N/A,6/9/2015,Bone/Shell,
M16-18-172,107,1008,1002,N/A,N/A,6/9/2015,Bone ,
M16-18-173,107,1008,1002,N/A,N/A,6/9/2015,Bone/Shell,
M16-18-174,107,1008,1002,N/A,N/A,6/9/2015,Bone/Shell,
M16-18-175,107,1008,1002,N/A,N/A,6/9/2015,"Teeth, bone/shell",-
M16-18-179,108,1008,1002,N/A,N/A,6/9/2015,Bone ,
M16-18-180,108,1008,1002,N/A,N/A,6/9/2015,Bone/Shell,
M16-18-181,108,1008,1002,N/A,N/A,6/9/2015,Bone ,
M16-18-184,109,1008,1002,N/A,N/A,6/10/2015,Bone/Shell,
M16-18-185,109,1008,1002,N/A,N/A,6/10/2015,Bone ,
M16-18-186,109,1008,1002,N/A,N/A,6/10/2015,Bone/Shell,
M16-18-187,109,1008,1002,N/A,N/A,6/10/2015,Bone/Shell,
M16-18-191,110,1008,1002,N/A,N/A,6/10/2015,Bone/Teeth/Shell,
M16-18-192,110,1008,1002,N/A,N/A,6/10/2015,Bone/Shell,
M16-18-193,110,1008,1002,N/A,N/A,6/10/2015,Bone/Teeth/Shell,
M16-18-278,126-128,1008,1002,N/A,N/A,6/26/2015,Snake,-
M16-18-28,90,1008,1002,N/A,N/A,6/2/2015,Bone/Shell,
M16-18-32,91,1008,1002,N/A,N/A,6/2/2015,Bone/Teeth/Shell,
M16-18-33,91,1008,1002,N/A,N/A,6/2/2015,Bone ,
M16-18-44,92,1008,1002,N/A,N/A,6/2/2015,Bone/Shell,
M16-18-45,92,1008,1002,N/A,N/A,6/2/2015,Bone ,
M16-18-46,92,1008,1002,N/A,N/A,6/2/2015,Bone/Shell,
M16-18-52,93,1008,1002,N/A,N/A,6/3/2015,Bone/Shell,
M16-18-53,93,1008,1002,N/A,N/A,9/3/2015,Bone/Teeth/Shell,
M16-18-67,94,1008,1002,N/A,N/A,6/3/2015,Bone/Shell,
M16-18-68,94,1008,1002,N/A,N/A,6/3/2015,Bone/Shell,
M16-18-69,94,1008,1002,N/A,N/A,6/3/2015,Bone/Shell,
M16-18-70,94,1008,1002,N/A,N/A,6/3/2015,Bone/Teeth/Shell,
M16-7-69,104,1008,1001,N/A,N/A,7/17/2014,Shell,-
M16-18-22,90,1008.094,1002.092,99.481,39,6/2/2015,Bone,-
M16-18-98,95,1008.125,1002.263,99.198,133,6/4/2015,Bone,-
M16-18-199,107,1008.15,1002.958,98.637,262,6/11/2015,Bone,-
M16-19-46,106,1008.164,1003.146,98.7,N/A,6/16/2015,Bone ,
M16-18-50,92,1008.167,1002.592,99.363,68,6/2/2015,Bone,-
M16-18-71,94,1008.218,1002.791,99.295,90,6/3/2015,Bone,-
M16-18-2,87,1008.25,1002.25,N/A,N/A,6/1/2015,Bone/Shell,
M16-18-4,88,1008.25,1002.25,N/A,N/A,6/1/2015,Bone/Teeth/Shell,
M16-18-42,91,1008.25,1002.75,99.4,N/A,6/2/2015,Bone ,
M16-18-8,89,1008.25,1002.25,99.55,N/A,6/1/2015,Bone/Shell,
M16-19-40,105,1008.25,1003.25,98.7,N/A,6/15/2015,Bone/Teeth/Shell,
M16-19-41,105,1008.25,1003.25,98.7,N/A,6/15/2015,Bone/Teeth/Shell,
M16-19-47,106,1008.25,1003.75,N/A,N/A,N/A,Bone ,
M16-19-54,107,1008.25,1003.25,98.6,N/A,6/16/2015,Bone/Teeth/Shell,
M16-19-58,107,1008.25,1003.75,98.6,N/A,6/16/2015,Bone ,
M16-19-67,108,1008.25,1003.75,98.55,N/A,6/22/2015,Bone/Teeth/Shell,
M16-19-68,108,1008.25,1003.25,98.55,N/A,6/19/2015,Bone/Teeth/Shell,
M16-18-40,91,1008.256,1002.232,99.44,61,6/2/2015,Bone,-
M16-18-56,93,1008.273,1002.047,99.29,74,6/3/2015,Bone,-
M16-19-43,105,1008.278,1003.051,98.728,278,6/16/2015,Bone ,
M16-17-170,123,1008.306,1001.351,97.779,300,7/22/2014,Bone,-
M16-18-17,90,1008.306,1002.221,99.468,32,6/2/2015,Bone,-
M16-19-42,105,1008.306,1003.513,98.679,272,6/16/2015,Bone ,
M16-18-144,101,1008.312,1002.134,98.9,189,6/5/2015,Bone,-
M16-18-139,109,1008.34,1002.359,98.479,N/A,6/10/2015,Bone,-
M16-19-44,106,1008.35,1003.2,98.65,N/A,6/16/2015,Bone/Shell,
M16-18-27,90,1008.359,1002.177,99.456,46,6/2/2015,Bone,-
M16-19-50,106,1008.364,1003.835,98.688,279,6/16/2015,Bone ,
M16-19-12,100,1008.39,1003.721,98.963,238,6/10/2015,Bone,-
M16-19-52,106,1008.394,1003.542,98.641,283,6/16/2015,Bone,-
M16-19-57,107,1008.397,1003.41,98.636,287,6/16/2015,Bone ,
M16-18-29,90,1008.417,1002.636,99.446,50,6/2/2015,Bone,-
M16-19-51,106,1008.438,1003.796,98.663,282,6/16/2015,Bone ,-
M16-18-59,93,1008.443,1002.72,99.333,78,6/3/2015,Bone,-
M16-18-87,94,1008.459,1002.203,99.281,117,6/3/2015,Shell,
M16-18-99,95,1008.477,1002.176,99.213,134,6/4/2015,Bone,-
M16-19-61,107,1008.482,1003.939,98.623,298,9/19/2015,"Bone (Od, CE)",-
M16-18-23,90,1008.493,1002.084,99.499,N/A,6/2/2015,Bone,-
M16-18-30,90,1008.498,1002.585,99.451,51,6/2/2015,Bone,-
M16-18-280,128,1008.5,1002.5,97.55,N/A,6/29/2015,-,-
M16-18-281,130,1008.5,1002.5,97.45,N/A,6/29/2015,-,-
M16-18-282,132,1008.5,1002.5,97.35,N/A,6/29/2015,-,-
M16-18-93,95,1008.518,1002.625,99.221,123,6/4/2015,Bone,-
M16-18-100,95,1008.541,1002.227,99.232,135,6/4/2015,Bone,-
M16-18-162,104,1008.554,1002.769,99.751,207,6/3/2015,Bone,-
M16-18-19,90,1008.567,1002.068,99.479,34,6/2/2015,Shell ,
M16-18-182,108,1008.57,1002.475,98.544,231,6/10/2015,Bone,-
M16-19-67,108,1008.607,1003.279,98.537,307,6/19/2015,Bone ,
M16-18-66,93,1008.652,1002.968,99.303,85,6/3/2015,Bone,-
M16-18-183,108,1008.659,1002.802,98.538,232,6/10/2015,Bone,-
L16-19/20,N/A,1008.663,999.096,98.062,27,7/18/2014,Not bone,
L16-19-20,N/A,1008.663,999.096,98.062,27,7/18/2014,Bone,-
L16-20-67,N/A,1008.663,999.096,98.062,27,7/18/2014,Rock?,"Bag labeled ""rock pedestal"""
M16-16-90,N/A,1008.675,1000.808,98.522,N/A,6/30/2014,-,
M16-19-5,98,1008.706,1003.135,99.159,N/A,6/-/15,Bone,-
M16-18-58,93,1008.708,1002.056,99.323,76,6/3/2015,Bone,-
M16-16-165,N/A,1008.71,1000.764,97.812,251,7/17/2014,-,
M16-19-34,104,1008.713,1003.564,98.762,N/A,6/11/2015,Bone,-
M16-18-38,91,1008.73,1002.231,99.412,59,6/2/2015,Bone,-
M16-19-49,106,1008.734,1003.73,98.684,278,6/16/2015,Bone ,
M16-19-45,106,1008.75,1003.25,98.65,N/A,6/16/2015,Bone/Shell,
M16-19-55,107,1008.75,1003.25,98.6,N/A,6/16/2015,Bone ,-
M16-19-62,108,1008.75,1003.25,98.55,N/A,6/19/2015,Bone ,-
M16-18-77,94,1008.776,1002.683,99.224,100,6/3/2015,Bone,-
M16-19-60,107,1008.79,1003.484,98.591,297,6/19/2015,"Bone (od, cps)",-
M16-18-177,107,1008.83,1001.997,98.592,222,6/9/2015,Bone,-
M16-18-161,104,1008.832,1002.935,99.798,206,6/8/2015,Bone,-
M16-19-3,N/A,1008.843,1003.145,99.187,224,6/9/2015,Bone,-
M16-16-149,N/A,1008.848,1000.238,97.9,N/A,7/15/2014,Bone,-
M16-16-149,N/A,1008.848,1000.238,97.9,239,7/15/2014,Bone,-
M16-18-39,91,1008.857,1002.068,99.419,60,6/2/2015,Bone,-
M16-18-21,90,1008.882,1002.042,99.474,36,6/2/2015,Bone,-
M16-16-176,N/A,1008.897,1000.534,98.265,297,7/22/2014,Bone,-
M16-16-176,N/A,1008.897,1000.534,98.265,297,7/22/2014,Bone,-
M16-18-176,107,1008.903,1002.107,99.621,221,6/9/2015,Bone,-
M16-18-115,96,1008.916,1002.663,99.145,150,6/4/2015,Bone,-
M16-19-64,108,1008.966,1003.388,98.548,N/A,6/19/2015,Bone ,
M16-18-151,102,1008.967,1002.622,98.874,199,6/8/2015,Bone,-
L16-23-9,103,1009,997,N/A,N/A,6/22/2015,Bone ,
M16-16-125,116,1008,1000,N/A,N/A,7/15/2014,Bone,-
M16-16-127,117,1008,1000,N/A,N/A,7/15/2014,Snail Shell,-
L16-25-56,104,1009.025,999.774,98.786,197,6/8/2015,Bone,-
M16-18-25,90,1008.041,1002.062,99.44,N/A,6/2/2015,Bone,-
L16-25-45,102,1009.211,999.82,98.885,170,6/4/2015,Bone,-
L16-23-46,109,1009.25,997.25,98.5,N/A,N/A,Bone ,
L16-23-49,110,1009.25,997.25,98.45,N/A,6/25/2015,Bone,
L16-23-61,112,1009.25,997.25,98.35,N/A,6/25/2015,Bone ,
L16-23-70,N/A,1009.258,997.641,98.315,472,6/29/2015,-,-
L16-25-43,102,1009.737,999.915,98.903,163,6/4/2015,Bone,-
L16-23-53,110,1009.75,997.25,98.45,N/A,6/25/2015,Bone ,
L16-23-59,111,1009.75,997.25,98.4,N/A,6/25/2015,Bone,
L16-25-78,107,1009.75,999.75,98.6,N/A,6/10/2015,Bone,Bag 1 of 2
L16-25-78,107,1009.75,999.75,98.6,N/A,6/10/2015,Bone,Bag 2 of 2
L16-25-83,107,1009.751,999.775,98.6,247,6/10/2015,Bone,-
L16-25-82,107,1009.89,999.562,98.622,246,6/10/2015,Bone,-
M16-19-33,104,1008.914,1003.537,98.754,N/A,6/11/2015,Bone,-
L16-14-11,98,N/A,N/A,N/A,N/A,6/3/2015,Bone ,
L16-14-11,103,N/A,N/A,N/A,N/A,N/A,Bone,-
L16-14-9,98,N/A,N/A,N/A,N/A,6/3/2015,Bone/Shell,
L16-17-54,101-102,N/A,N/A,N/A,N/A,N/A,Bone,-
L16-18-11,103,N/A,N/A,N/A,N/A,4/13/2012,Bone ,-
L16-18-11,103,N/A,N/A,N/A,N/A,N/A,Bone ,
L16-18-171,116-125,N/A,N/A,N/A,N/A,7/15/2014,Bone,-
L16-18-60,104,N/A,N/A,N/A,N/A,6/2/2014,Bone,-
L16-18-60,104,N/A,N/A,N/A,N/A,6/2/2014,Unidentified ,-
L16-19-13,107,N/A,N/A,N/A,N/A,N/A,Bone,Bag 3 of 3
M16-16-112,114,N/A,N/A,N/A,N/A,7/14/2014,Shell,-
M16-16-171,125,N/A,N/A,N/A,N/A,7/13/2014,Bone,
M16-16-18,94,N/A,N/A,N/A,N/A,6/11/2014,Bone,-
M16-16-22,95,N/A,N/A,N/A,N/A,6/11/2014,Bone,-
M16-16-26,96,N/A,N/A,N/A,N/A,6/12/2014,Bone/Shell,Bag 1 of 2
M16-16-26,96,N/A,N/A,N/A,N/A,6/12/2014,Bone/shell,Bag 1 of 2
M16-16-28,96,N/A,N/A,N/A,N/A,6/12/2014,Bone,-
M16-16-28,96,N/A,N/A,N/A,N/A,6/12/2014,Bone,-
M16-16-33,97,N/A,N/A,N/A,N/A,6/12/2014,Shell,-
M16-16-33,97,N/A,N/A,N/A,N/A,6/12/2014,Bone,-
M16-16-33,97,N/A,N/A,N/A,N/A,6/12/2014,Bone,-
M16-16-33,97,N/A,N/A,N/A,N/A,6/12/2014,Shell,-
M16-16-35,98,N/A,N/A,N/A,N/A,6/12/2014,Shell,-
M16-16-35,98,N/A,N/A,N/A,N/A,6/12/2014,Bone,-
M16-16-35,98,N/A,N/A,N/A,N/A,6/12/2014,Tooth,-
M16-16-35,98,N/A,N/A,N/A,N/A,6/12/2014,Bone,-
M16-16-35,98,N/A,N/A,N/A,N/A,6/12/2014,Tooth,-
M16-16-35,98,N/A,N/A,N/A,N/A,6/12/2014,Shell,-
M16-16-36,98,N/A,N/A,N/A,N/A,6/12/2014,Bone/Shell/Wood,Bag 2 of 2
M16-16-36,98,N/A,N/A,N/A,N/A,6/12/2014,Bone/shell/wood,Bag 2 of 2
M16-16-37,98,N/A,N/A,N/A,N/A,6/12/2014,Bone,-
M16-16-37,98,N/A,N/A,N/A,N/A,6/12/2014,Bone,-
M16-16-39,99,N/A,N/A,N/A,N/A,6/13/2014,Bone,
M16-16-46,100,N/A,N/A,N/A,N/A,6/13/2014,Snail Shell,-
M16-16-46,100,N/A,N/A,N/A,N/A,6/13/2014,Bone,-
M16-16-46,100,N/A,N/A,N/A,N/A,6/13/2014,Shell,-
M16-16-46,100,N/A,N/A,N/A,N/A,6/13/2014,Shell,-
M16-16-46,100,N/A,N/A,N/A,N/A,6/13/2014,Bone,-
M16-16-46,100,N/A,N/A,N/A,N/A,6/13/2014,Snail Shell,-
M16-16-49,101,N/A,N/A,N/A,N/A,6/13/2014,Teeth,-
M16-16-49,101,N/A,N/A,N/A,N/A,6/13/2014,Teeth,-
M16-16-52,102,N/A,N/A,N/A,N/A,6/13/2014,Shell,-
M16-16-52,102,N/A,N/A,N/A,N/A,6/13/2014,Shell,-
M16-16-55,102,N/A,N/A,N/A,N/A,6/13/2014,Shell,Bag 1 of 3
M16-16-55,102,N/A,N/A,N/A,N/A,6/13/2014,Teeth,-
M16-16-55,102,N/A,N/A,N/A,N/A,6/13/2014,Snail Shell,Bag 1 of 3
M16-16-55,102,N/A,N/A,N/A,N/A,6/13/2014,Bone,Bag 3 of 3
M16-16-55,102,N/A,N/A,N/A,N/A,6/13/2014,Bone,Bag 1 of 3
M16-16-55,102,N/A,N/A,N/A,N/A,6/13/2014,Bone,Bag 2 of 3
M16-16-55,102,N/A,N/A,N/A,N/A,6/13/2014,Bone,Bag 2 of 3
M16-16-55,102,N/A,N/A,N/A,N/A,6/13/2014,Snail Shell,Bag 1 of 3
M16-16-55,102,N/A,N/A,N/A,N/A,6/13/2014,Bone,Bag 3 of 3
M16-16-55,102,N/A,N/A,N/A,N/A,6/13/2014,Bone,Bag 1 of 3
M16-16-55,102,N/A,N/A,N/A,N/A,6/13/2014,Shell,Bag 1 of 3
M16-16-55,102,N/A,N/A,N/A,N/A,6/13/2014,Teeth,Bag 1 of 3
M16-16-56,102,N/A,N/A,N/A,N/A,6/13/2014,Shell,
M16-16-60,103,N/A,N/A,N/A,N/A,6/17/2014,Shell,-
M16-16-60,103,N/A,N/A,N/A,N/A,6/17/2014,Shell,-
M16-16-60,103,N/A,N/A,N/A,N/A,6/17/2014,Teeth,-
M16-16-60,103,N/A,N/A,N/A,N/A,6/17/2014,Bone,-
M16-16-60,103,N/A,N/A,N/A,N/A,6/17/2014,Teeth,-
M16-16-60,103,N/A,N/A,N/A,N/A,6/17/2014,Shell,-
M16-16-65,105,N/A,N/A,N/A,N/A,6/18/2014,Shell,-
M16-16-67,104,N/A,N/A,N/A,N/A,6/17/2014,Teeth,-
M16-16-67,104,N/A,N/A,N/A,N/A,6/17/2014,Snail Shell,-
M16-16-67,104,N/A,N/A,N/A,N/A,6/17/2014,Shell,-
M16-16-67,104,N/A,N/A,N/A,N/A,6/17/2014,Teeth,-
M16-16-67,104,N/A,N/A,N/A,N/A,6/17/2014,Snail Shell,-
M16-16-67,104,N/A,N/A,N/A,N/A,6/17/2014,Bone,-
M16-16-67,104,N/A,N/A,N/A,N/A,6/17/2014,Shell,-
M16-16-68,105,N/A,N/A,N/A,N/A,6/18/2014,Snail Shell,-
M16-16-68,105,N/A,N/A,N/A,N/A,6/18/2014,Teeth,-
M16-16-68,105,N/A,N/A,N/A,N/A,6/18/2014,Bone,-
M16-16-68,105,N/A,N/A,N/A,N/A,6/18/2014,Antler,-
M16-16-68,105,N/A,N/A,N/A,N/A,6/18/2014,Snail Shell,-
M16-16-68,105,N/A,N/A,N/A,N/A,6/18/2014,Bone,-
M16-16-68,105,N/A,N/A,N/A,N/A,6/18/2014,Teeth,-
M16-16-68,105,N/A,N/A,N/A,N/A,6/18/2014,Antler,-
M16-16-68,105,N/A,N/A,N/A,N/A,6/18/2014,Shell,-
M16-16-69,105,N/A,N/A,N/A,N/A,6/18/2014,Snail Shell,-
M16-16-69,105,N/A,N/A,N/A,N/A,6/18/2014,Snail Shell,-
M16-16-73,106,N/A,N/A,N/A,N/A,6/19/2014,Bone,Bag 1 of 2
M16-17-155,121,N/A,N/A,N/A,N/A,7/22/2014,Bone,-
M16-17-16,92,N/A,N/A,N/A,N/A,6/10/2014,Bone,-
M16-17-16,92,N/A,N/A,N/A,N/A,6/10/2014,Shell,-
M16-17-17,93,N/A,N/A,N/A,N/A,6/16/2014,Bone,-
M16-17-17,93,N/A,N/A,N/A,N/A,6/16/2014,Teeth,-
M16-17-17,93,N/A,N/A,N/A,N/A,6/16/2014,Shell,-
M16-17-18,93,N/A,N/A,N/A,N/A,6/16/2014,Bone,Bag 1 of 2
M16-17-18,93,N/A,N/A,N/A,N/A,6/16/2014,-,Bag 2 of 2
M16-17-18,93,N/A,N/A,N/A,N/A,6/16/2014,Teeth,Bag 1 of 2
M16-17-18,93,N/A,N/A,N/A,N/A,6/16/2014,Shell,Bag 1 of 2
M16-17-19,93,N/A,N/A,N/A,N/A,6/16/2014,Teeth,-
M16-17-19,93,N/A,N/A,N/A,N/A,6/16/2014,Bone,-
M16-17-19,93,N/A,N/A,N/A,N/A,6/16/2014,Shell,-
M16-17-20,93,N/A,N/A,N/A,N/A,6/16/2014,Bone,-
M16-17-20,93,N/A,N/A,N/A,N/A,6/16/2014,Tooth,-
M16-17-20,93,N/A,N/A,N/A,N/A,6/16/2014,Shell,-
M16-17-21,94-99,N/A,N/A,N/A,N/A,6/16/2014,Shell,-
M16-17-21,94-99,N/A,N/A,N/A,N/A,6/16/2014,Teeth,-
M16-17-21,94-99,N/A,N/A,N/A,N/A,6/16/2014,Bone,-
M16-17-22,94,N/A,N/A,N/A,N/A,6/16/2014,Bone,-
M16-17-23,94,N/A,N/A,N/A,N/A,6/16/2014,Bone,Bag 2 of 2
M16-17-24,94,N/A,N/A,N/A,N/A,6/16/2014,Bone,-
M16-17-24,94,N/A,N/A,N/A,N/A,6/16/2014,Teeth,-
M16-17-24,94,N/A,N/A,N/A,N/A,6/16/2014,Shell,-
M16-17-26,94,N/A,N/A,N/A,N/A,6/16/2014,Shell,-
M16-17-26,94,N/A,N/A,N/A,N/A,6/16/2014,Snail Shell,-
M16-17-26,94,N/A,N/A,N/A,N/A,6/16/2014,Bone,-
M16-17-27,95,N/A,N/A,N/A,N/A,6/16/2014,Bone,-
M16-17-27,95,N/A,N/A,N/A,N/A,6/16/2014,Shell,-
M16-17-28,95,N/A,N/A,N/A,N/A,6/16/2014,Bone,-
M16-17-28,95,N/A,N/A,N/A,N/A,6/16/2014,Snail Shell,-
M16-17-28,95,N/A,N/A,N/A,N/A,6/16/2014,Shell,-
M16-17-28,95,N/A,N/A,N/A,N/A,6/16/2014,Teeth,-
M16-17-29,95,N/A,N/A,N/A,N/A,6/17/2014,Bone,-
M16-17-29,95,N/A,N/A,N/A,N/A,6/17/2014,Snail,-
M16-17-30,95,N/A,N/A,N/A,N/A,6/17/2014,Bone,Bag 1 of 2
M16-17-31,96,N/A,N/A,N/A,N/A,6/17/2014,Bone,-
M16-17-31,96,N/A,N/A,N/A,N/A,6/17/2014,Shell,-
M16-17-32,96,N/A,N/A,N/A,N/A,6/17/2014,Bone,-
M16-17-32,96,N/A,N/A,N/A,N/A,6/17/2014,Shell,-
M16-17-32,96,N/A,N/A,N/A,N/A,6/17/2014,Tooth,-
M16-17-35,96,N/A,N/A,N/A,N/A,6/17/2014,Bone,-
M16-17-35,96,N/A,N/A,N/A,N/A,6/17/2014,Snail Shell,-
M16-17-35,96,N/A,N/A,N/A,N/A,6/17/2014,Shell,-
M16-17-35,96,N/A,N/A,N/A,N/A,6/17/2014,Teeth,-
M16-17-37,96,N/A,N/A,N/A,N/A,6/17/2014,Unidentified ,-
M16-17-37,96,N/A,N/A,N/A,N/A,6/17/2014,Bone,-
M16-17-37,96,N/A,N/A,N/A,N/A,6/17/2014,Snail Shell,-
M16-17-40,97,N/A,N/A,N/A,N/A,6/18/2014,Shell,-
M16-17-40,97,N/A,N/A,N/A,N/A,6/18/2014,Bone,-
M16-17-41,97,N/A,N/A,N/A,N/A,6/18/2014,Bone,-
M16-17-41,97,N/A,N/A,N/A,N/A,6/18/2014,Shell,-
M16-17-41,97,N/A,N/A,N/A,N/A,6/18/2014,Snail Shell,-
M16-17-41,97,N/A,N/A,N/A,N/A,6/18/2014,Teeth,-
M16-17-41,97,N/A,N/A,N/A,N/A,6/18/2014,-,Bag 2 of 2
M16-17-44,98,N/A,N/A,N/A,N/A,6/27/2014,Bone,-
M16-17-44,98,N/A,N/A,N/A,N/A,6/27/2014,Shell,-
M16-17-54,100,N/A,N/A,N/A,N/A,7/2/2014,Bone,-
M16-17-97,109,N/A,N/A,N/A,N/A,7/18/2014,Shell,-
M16-18-283,134,N/A,N/A,N/A,N/A,6/29/2015,N/A,Empty bag
M16-18-54,93,N/A,N/A,N/A,N/A,6/3/2015,Bone,
M16-18-55,93,N/A,N/A,N/A,N/A,6/3/2015,Bone/Shell,
M16-19-15,100,N/A,N/A,N/A,242,N/A,Bone,-
UN02,N/A,N/A,N/A,N/A,N/A,N/A,Bone ,
